Plate,Wells,FlucXqtl,Sample ID,Well Position,Project,oldLabel_parent_a,parent_alpha,parent_a
sqkey,A01,C9_H_64,Sample001,B-A01,FluconazoleV1,YPS163,S288C,ACD
sqkey,A02,C9_H_32,Sample002,B-A02,FluconazoleV1,YPS163,S288C,ACD
sqkey,A03,C9_H_16,Sample003,B-A03,FluconazoleV1,YPS163,S288C,ACD
sqkey,A04,C9_H_8,Sample004,B-A04,FluconazoleV1,YPS163,S288C,ACD
sqkey,A05,C9_H_4,Sample005,B-A05,FluconazoleV1,YPS163,S288C,ACD
sqkey,A06,C9_H_0,Sample006,B-A06,FluconazoleV1,YPS163,S288C,ACD
sqkey,A07,C9_N_64,Sample007,B-A07,FluconazoleV1,YPS163,S288C,ACD
sqkey,A08,C9_N_32,Sample008,B-A08,FluconazoleV1,YPS163,S288C,ACD
sqkey,A09,C9_N_16,Sample009,B-A09,FluconazoleV1,YPS163,S288C,ACD
sqkey,A10,C9_N_8,Sample010,B-A10,FluconazoleV1,YPS163,S288C,ACD
sqkey,A11,C9_N_4,Sample011,B-A11,FluconazoleV1,YPS163,S288C,ACD
sqkey,A12,C9_N_0,Sample012,B-A12,FluconazoleV1,YPS163,S288C,ACD
sqkey,B01,F4_H_64,Sample013,B-B01,FluconazoleV1,PW5,S288C,ADE
sqkey,B02,F4_H_32,Sample014,B-B02,FluconazoleV1,PW5,S288C,ADE
sqkey,B03,F4_H_16,Sample015,B-B03,FluconazoleV1,PW5,S288C,ADE
sqkey,B04,F4_H_8,Sample016,B-B04,FluconazoleV1,PW5,S288C,ADE
sqkey,B05,F4_H_4,Sample017,B-B05,FluconazoleV1,PW5,S288C,ADE
sqkey,B06,F4_H_0,Sample018,B-B06,FluconazoleV1,PW5,S288C,ADE
sqkey,B07,F4_N_64,Sample019,B-B07,FluconazoleV1,PW5,S288C,ADE
sqkey,B08,F4_N_32,Sample020,B-B08,FluconazoleV1,PW5,S288C,ADE
sqkey,B09,F4_N_16,Sample021,B-B09,FluconazoleV1,PW5,S288C,ADE
sqkey,B10,F4_N_8,Sample022,B-B10,FluconazoleV1,PW5,S288C,ADE
sqkey,B11,F4_N_4,Sample023,B-B11,FluconazoleV1,PW5,S288C,ADE
sqkey,B12,F4_N_0,Sample024,B-B12,FluconazoleV1,PW5,S288C,ADE
sqkey,C01,A2_H_64,Sample025,B-C01,FluconazoleV1,Clib192,S288C,AAM
sqkey,C02,A2_H_32,Sample026,B-C02,FluconazoleV1,Clib192,S288C,AAM
sqkey,C03,A2_H_16,Sample027,B-C03,FluconazoleV1,Clib192,S288C,AAM
sqkey,C04,A2_H_8,Sample028,B-C04,FluconazoleV1,Clib192,S288C,AAM
sqkey,C05,A2_H_4,Sample029,B-C05,FluconazoleV1,Clib192,S288C,AAM
sqkey,C06,A2_H_0,Sample030,B-C06,FluconazoleV1,Clib192,S288C,AAM
sqkey,C07,A2_N_64,Sample031,B-C07,FluconazoleV1,Clib192,S288C,AAM
sqkey,C08,A2_N_32,Sample032,B-C08,FluconazoleV1,Clib192,S288C,AAM
sqkey,C09,A2_N_16,Sample033,B-C09,FluconazoleV1,Clib192,S288C,AAM
sqkey,C10,A2_N_8,Sample034,B-C10,FluconazoleV1,Clib192,S288C,AAM
sqkey,C11,A2_N_4,Sample035,B-C11,FluconazoleV1,Clib192,S288C,AAM
sqkey,C12,A2_N_0,Sample036,B-C12,FluconazoleV1,Clib192,S288C,AAM
sqkey,D01,E7_H_64,Sample037,B-D01,FluconazoleV1,UC8,S288C,ACT
sqkey,D02,E7_H_32,Sample038,B-D02,FluconazoleV1,UC8,S288C,ACT
sqkey,D03,E7_H_16,Sample039,B-D03,FluconazoleV1,UC8,S288C,ACT
sqkey,D04,E7_H_8,Sample040,B-D04,FluconazoleV1,UC8,S288C,ACT
sqkey,D05,E7_H_4,Sample041,B-D05,FluconazoleV1,UC8,S288C,ACT
sqkey,D06,E7_H_0,Sample042,B-D06,FluconazoleV1,UC8,S288C,ACT
sqkey,D07,E7_N_64,Sample043,B-D07,FluconazoleV1,UC8,S288C,ACT
sqkey,D08,E7_N_32,Sample044,B-D08,FluconazoleV1,UC8,S288C,ACT
sqkey,D09,E7_N_16,Sample045,B-D09,FluconazoleV1,UC8,S288C,ACT
sqkey,D10,E7_N_8,Sample046,B-D10,FluconazoleV1,UC8,S288C,ACT
sqkey,D11,E7_N_4,Sample047,B-D11,FluconazoleV1,UC8,S288C,ACT
sqkey,D12,E7_N_0,Sample048,B-D12,FluconazoleV1,UC8,S288C,ACT
sqkey,E01,B9_H_64,Sample049,B-E01,FluconazoleV1,YJM454,S288C,ABH
sqkey,E02,B9_H_32,Sample050,B-E02,FluconazoleV1,YJM454,S288C,ABH
sqkey,E03,B9_H_16,Sample051,B-E03,FluconazoleV1,YJM454,S288C,ABH
sqkey,E04,B9_H_8,Sample052,B-E04,FluconazoleV1,YJM454,S288C,ABH
sqkey,E05,B9_H_4,Sample053,B-E05,FluconazoleV1,YJM454,S288C,ABH
sqkey,E06,B9_H_0,Sample054,B-E06,FluconazoleV1,YJM454,S288C,ABH
sqkey,E07,B9_N_64,Sample055,B-E07,FluconazoleV1,YJM454,S288C,ABH
sqkey,E08,B9_N_32,Sample056,B-E08,FluconazoleV1,YJM454,S288C,ABH
sqkey,E09,B9_N_16,Sample057,B-E09,FluconazoleV1,YJM454,S288C,ABH
sqkey,E10,B9_N_8,Sample058,B-E10,FluconazoleV1,YJM454,S288C,ABH
sqkey,E11,B9_N_4,Sample059,B-E11,FluconazoleV1,YJM454,S288C,ABH
sqkey,E12,B9_N_0,Sample060,B-E12,FluconazoleV1,YJM454,S288C,ABH
sqkey,F01,C3_H_64,Sample061,B-F01,FluconazoleV1,CBS2888,S288C,ABL
sqkey,F02,C3_H_32,Sample062,B-F02,FluconazoleV1,CBS2888,S288C,ABL
sqkey,F03,C3_H_16,Sample063,B-F03,FluconazoleV1,CBS2888,S288C,ABL
sqkey,F04,C3_H_8,Sample064,B-F04,FluconazoleV1,CBS2888,S288C,ABL
sqkey,F05,C3_H_4,Sample065,B-F05,FluconazoleV1,CBS2888,S288C,ABL
sqkey,F06,C3_H_0,Sample066,B-F06,FluconazoleV1,CBS2888,S288C,ABL
sqkey,F07,C3_N_64,Sample067,B-F07,FluconazoleV1,CBS2888,S288C,ABL
sqkey,F08,C3_N_32,Sample068,B-F08,FluconazoleV1,CBS2888,S288C,ABL
sqkey,F09,C3_N_16,Sample069,B-F09,FluconazoleV1,CBS2888,S288C,ABL
sqkey,F10,C3_N_8,Sample070,B-F10,FluconazoleV1,CBS2888,S288C,ABL
sqkey,F11,C3_N_4,Sample071,B-F11,FluconazoleV1,CBS2888,S288C,ABL
sqkey,F12,C3_N_0,Sample072,B-F12,FluconazoleV1,CBS2888,S288C,ABL
sqkey,G01,F4_H_64,Sample073,B-G01,FluconazoleV1,PW5,S288C,ADE
sqkey,G02,F4_H_32,Sample074,B-G02,FluconazoleV1,PW5,S288C,ADE
sqkey,G03,F4_H_16,Sample075,B-G03,FluconazoleV1,PW5,S288C,ADE
sqkey,G04,F4_H_8,Sample076,B-G04,FluconazoleV1,PW5,S288C,ADE
sqkey,G05,F4_H_4,Sample077,B-G05,FluconazoleV1,PW5,S288C,ADE
sqkey,G06,F4_H_0,Sample078,B-G06,FluconazoleV1,PW5,S288C,ADE
sqkey,G07,F4_N_64,Sample079,B-G07,FluconazoleV1,PW5,S288C,ADE
sqkey,G08,F4_N_32,Sample080,B-G08,FluconazoleV1,PW5,S288C,ADE
sqkey,G09,F4_N_16,Sample081,B-G09,FluconazoleV1,PW5,S288C,ADE
sqkey,G10,F4_N_8,Sample082,B-G10,FluconazoleV1,PW5,S288C,ADE
sqkey,G11,F4_N_4,Sample083,B-G11,FluconazoleV1,PW5,S288C,ADE
sqkey,G12,F4_N_0,Sample084,B-G12,FluconazoleV1,PW5,S288C,ADE
sqkey,H01,C9_H_64,Sample085,B-H01,FluconazoleV1,YPS163,S288C,ACD
sqkey,H02,C9_H_32,Sample086,B-H02,FluconazoleV1,YPS163,S288C,ACD
sqkey,H03,C9_H_16,Sample087,B-H03,FluconazoleV1,YPS163,S288C,ACD
sqkey,H04,C9_H_8,Sample088,B-H04,FluconazoleV1,YPS163,S288C,ACD
sqkey,H05,C9_H_4,Sample089,B-H05,FluconazoleV1,YPS163,S288C,ACD
sqkey,H06,C9_H_0,Sample090,B-H06,FluconazoleV1,YPS163,S288C,ACD
sqkey,H07,C9_N_64,Sample091,B-H07,FluconazoleV1,YPS163,S288C,ACD
sqkey,H08,C9_N_32,Sample092,B-H08,FluconazoleV1,YPS163,S288C,ACD
sqkey,H09,C9_N_16,Sample093,B-H09,FluconazoleV1,YPS163,S288C,ACD
sqkey,H10,C9_N_8,Sample094,B-H10,FluconazoleV1,YPS163,S288C,ACD
sqkey,H11,C9_N_4,Sample095,B-H11,FluconazoleV1,YPS163,S288C,ACD
sqkey,H12,C9_N_0,Sample096,B-H12,FluconazoleV1,YPS163,S288C,ACD
