Matrix_384;row_384;col_384;Strain_Name_4SRA;YJS_name.y;Standardized_name
M1;1;1;;FY4;FY4
M1;1;3;RM11-1a;YJS6;AAA
M1;1;5;CECT10266;YJS461;AVB
M1;1;7;CLIB192_1b;YJS1300;AAM
M1;1;9;CLIB272_2;YJS1303;AAQ
M1;1;11;CLIB382_1b;YJS1304;AAR
M1;1;13;YJM145_b;YJS1305;AAS
M1;1;15;YJM280_b;YJS1306;AAT
M1;1;17;YJM320b;YJS1307;AAV
M1;1;19;YJM326_b;YJS1308;ABA
M1;1;21;YJM413_b;YJS1309;ABB
M1;1;23;YJM421_b;YJS1310;ABC
M1;3;1;YJM434_1b;YJS1312;ABE
M1;3;3;;FY4;FY4
M1;3;5;YJM436_1b;YJS1313;ABF
M1;3;7;YJM440_1b;YJS1314;ABG
M1;3;9;YJM454_1b;YJS1315;ABH
M1;3;11;YJM653_1b;YJS1316;ABI
M1;3;13;YJM678_1b;YJS1317;ABK
M1;3;15;CBS2888_1b;YJS1318;ABL
M1;3;17;CBS3093_1b;YJS1319;ABM
M1;3;19;CECT10109_1b;YJS1321;ABP
M1;3;21;DBVPG1788_1b;YJS1322;ABQ
M1;3;23;DBVPG1794_1b;YJS1323;ABR
M1;5;1;DBVPG3591_1b;YJS1324;ABS
M1;5;3;DBVPG4651_1b;YJS1325;ABT
M1;5;5;;FY4;FY4
M1;5;7;EM93_3;YJS1327;ACA
M1;5;9;TL229S2.2;YJS1328;ACB
M1;5;11;YPS1000_1b;YJS1329;ACC
M1;5;13;YPS163_1b;YJS1330;ACD
M1;5;15;CLIB294_1b;YJS1332;ACF
M1;5;17;CLIB413_1b;YJS1333;ACG
M1;5;19;CLIB483_1b;YJS1334;ACH
M1;5;21;Y10_1b;YJS1335;ACI
M1;5;23;Y12_1b;YJS1336;ACK
M1;7;1;Y3_1b;YJS1337;ACL
M1;7;3;Y9_4;YJS1338;ACM
M1;7;5;YJM269_1b;YJS1339;ACN
M1;7;7;;FY4;FY4
M1;7;9;CLIB154_1b;YJS1340;ACP
M1;7;11;CLIB219_2b;YJS1341;ACQ
M1;7;13;DBVPG1339_1b;YJS1342;ACR
M1;7;15;I14_1b;YJS1343;ACS
M1;7;17;UC8_1b;YJS1344;ACT
M1;7;19;WE372_1b;YJS1345;ACV
M1;7;21;Y55_1b;YJS1346;ADA
M1;7;23;Y9J_1b;YJS1347;ADB
M1;9;1;UC1_1b;YJS1348;ADC
M1;9;3;IL_01_b;YJS1349;ADD
M1;9;5;PW5_b;YJS1350;ADE
M1;9;7;YPS1009_b;YJS1351;ADF
M1;9;9;;FY4;FY4
M1;9;11;NC_02_b;YJS1352;ADG
M1;9;13;T7_b;YJS1353;ADH
M1;9;15;YJM981_b;YJS1354;ADI
M1;9;17;K1_1;YJS1358;ADN
M1;9;19;K12_2;YJS1360;ADQ
M1;9;21;M22_1b;YJS1361;ADR
M1;9;23;CBS422a;YJS2903;AAB
M1;11;1;CBS7765;YJS2944;ADT
M1;11;3;CBS7903;YJS2945;ADV
M1;11;5;CBS7958;YJS2947;AEA
M1;11;7;CBS6414;YJS3120;AEF
M1;11;9;CBS7962;YJS3300;AEG
M1;11;11;;FY4;FY4
M1;11;13;CBS7964;YJS3302;AEH
M1;11;15;CBS1428;YJS3304;AEI
M1;11;17;CBS2806a;YJS3315;AAE
M1;11;19;CBS4079;YJS3316;AEK
M1;11;21;CBS2973;YJS3318;AEM
M1;11;23;CBS1782;YJS3321;AEQ
M1;13;1;CBS2970;YJS3325;AER
M1;13;3;CBS4054;YJS3327;AES
M1;13;5;CBS6007;YJS3328;AET
M1;13;7;CBS7371;YJS3333;AFB
M1;13;9;CBS7960;YJS3336;AFD
M1;13;11;CBS1252;YJS3339;AFF
M1;13;13;;FY4;FY4
M1;13;15;CBS1387;YJS3340;AFG
M1;13;17;CBS1509;YJS3342;AFH
M1;13;19;CBS2183;YJS3348;AFI
M1;13;21;CBS4456;YJS3351;AFL
M1;13;23;CBS6412;YJS3353;AFM
M1;15;1;CBS6413;YJS3355;AFN
M1;15;3;CBS7993;YJS3360;AFQ
M1;15;5;CBS7959;YJS3362;AFR
M1;15;7;CBS2444;YJS3369;AGC
M1;15;9;CBS1479;YJS3376;AGF
M1;15;11;CBS1582;YJS3379;AGH
M1;15;13;CBS2361;YJS3387;AGK
M1;15;15;;FY4;FY4
M1;15;17;CBS4458;YJS3388;AGL
M1;15;19;CBS7961;YJS3390;AGM
M1;15;21;CBS439;YJS3394;AGN
M1;15;23;CBS1544;YJS3396;AGP
M1;1;2;;FY4;FY4
M1;1;4;CBS1594;YJS3399;AGR
M1;1;6;CBS3013;YJS3401;AGS
M1;1;8;CBS3078;YJS3403;AGT
M1;1;10;CBS6223;YJS3405;AGV
M1;1;12;CBS6333;YJS3407;AHA
M1;1;14;CBS4734;YJS3411;AHB
M1;1;16;CBS7963;YJS3413;AHC
M1;1;18;CBS428a;YJS3415;AAG
M1;1;20;CBS1192;YJS3417;AHD
M1;1;22;CBS1194;YJS3419;AHE
M1;1;24;CBS1388a;YJS3422;AAH
M1;3;2;CBS1540;YJS3424;AHF
M1;3;4;;FY4;FY4
M1;3;6;CBS1586;YJS3426;AHG
M1;3;8;CBS2966a;YJS3430;AAI
M1;3;10;CBS3000;YJS3432;AHH
M1;3;12;CBS6914;YJS3436;AHI
M1;3;14;CBS2247;YJS3439;AHK
M1;3;16;CBS3081;YJS3440;AHL
M1;3;18;CBS3093;YJS3442;AHM
M1;3;20;CBS4093a;YJS3444;AAK
M1;3;22;CBS5635;YJS3446;AHN
M1;3;24;CBS440;YJS3450;AHQ
M1;5;2;CBS1227;YJS3452;AHR
M1;5;4;CBS1419;YJS3454;AHS
M1;5;6;;FY4;FY4
M1;5;8;CBS1460;YJS3455;AHT
M1;5;10;CBS1487;YJS3457;AHV
M1;5;12;CBS2180;YJS3458;AIA
M1;5;14;CBS2805;YJS3460;AIB
M1;5;16;CBS2807;YJS3461;AIC
M1;5;18;CBS2910;YJS3467;AIE
M1;5;20;CBS1463;YJS3470;AIG
M1;5;22;VF8_(6);YJS4091;APG
M1;5;24;HE015;YJS4529;BCN
M1;7;2;DBVPG1126;YJS4625;BIQ
M1;7;4;S8BM-32-4D(a);YJS4709;CDA
M1;7;6;CCY_21-4-93:6B;YJS4718;CDK
M1;7;8;;FY4;FY4
M1;7;10;DBVPG1617-5A;YJS4728;CEA
M1;7;12;DBVPG1619-4B;YJS4729;CEB
M1;7;14;CCY_21-4-89:7-3;YJS4739;CEM
M1;7;16;IFO_0289:4-3(b);YJS4746;CEV
M1;7;18;DBVPG6350;YJS5588;BRL
M1;7;20;DBVPG6590;YJS5589;BRM
M1;7;22;SM.9.1.BL7;YJS5639;BVE
M1;7;24;1;YJS5682;CBK
M1;9;2;UC5;YJS5908;CLQ
M1;9;4;Y1;YJS135;ATB
M1;9;6;CLIB409;YJS554;ASM
M1;9;8;DBVPG6861;YJS1326;ABV
M1;9;10;;FY4;FY4
M1;9;12;CBS382;YJS2900;APP
M1;9;14;CBS7957;YJS2946;AQH
M1;9;16;CBS1230;YJS2994;AQT
M1;9;18;CBS2246;YJS3062;ARN
M1;9;20;CBS2441;YJS3070;AEE
M1;9;22;CBS4092;YJS3091;ASA
M1;9;24;CBS4455;YJS3094;ASC
M1;11;2;NPA05a1;YJS4013;AKC
M1;11;4;NPA05b1;YJS4014;AKD
M1;11;6;21-4-114;YJS4045;ALR
M1;11;8;21-4-124;YJS4048;ALV
M1;11;10;21-4-125;YJS4049;AMA
M1;11;12;;FY4;FY4
M1;11;14;SJ7L01;YJS4055;AMG
M1;11;16;SJ1L04;YJS4057;AMI
M1;11;18;SJ6L01;YJS4058;AMK
M1;11;20;SJ5L11;YJS4059;AML
M1;11;22;YS10(E);YJS4094;APK
M1;11;24;DJ65;YJS4501;AVV
M1;13;2;YS19;YJS4508;APN
M1;13;4;DJ66;YJS4509;BAA
M1;13;6;2281;YJS4512;BBT
M1;13;8;DJ68;YJS4517;BAB
M1;13;10;#14;YJS4522;BDE
M1;13;12;DJ70;YJS4525;BAC
M1;13;14;;FY4;FY4
M1;13;16;DJ71;YJS4533;BAD
M1;13;18;DJ73;YJS4541;BAE
M1;13;20;CCY_21-4-88;YJS4582;BBC
M1;13;22;CLIB650;YJS4604;BEI
M1;13;24;CLIB654;YJS4636;BEN
M1;15;2;CLIB655;YJS4646;BHA
M1;15;4;VNL3;YJS5202;CGH
M1;15;6;368428S;YJS5506;BME
M1;15;8;NCYC_2925;YJS5508;BMG
M1;15;10;DBVPG1085;YJS5523;BNG
M1;15;12;DBVPG1919;YJS5555;BPR
M1;15;14;DBVPG5836;YJS5584;BRG
M1;15;16;;FY4;FY4
M1;15;18;NCYC_2798;YJS5616;BTA
M1;15;20;77;YJS5617;BTB
M1;15;22;CLQCA_17-111;YJS5693;CRE
M1;15;24;Ponton 13;YJS5847;CIE
M1;2;1;;FY4;FY4
M1;2;3;RIB6002;YJS5919;CMG
M1;2;5;FTPW4;YJS5967;CPS
M1;2;7;SJ5L15;YJS5988;AMQ
M1;2;9;CECT1462;YJS458;ATV
M1;2;11;CLIB227;YJS510;ASH
M1;2;13;CBS1171;YJS2957;AEB
M1;2;15;CBS1239;YJS2997;ARA
M1;2;17;CBS1254;YJS3002;ARB
M1;2;19;CBS1464;YJS3364;AFT
M1;2;21;A-6;YJS4076;ANL
M1;2;23;A-18;YJS4077;ANM
M1;4;1;EXF-5734;YJS4416;BFE
M1;4;3;;FY4;FY4
M1;4;5;EXF-5869;YJS4418;BFG
M1;4;7;EXF-6835;YJS4427;BFM
M1;4;9;CCY_21-4-106;YJS4519;BBG
M1;4;11;CH02;YJS4548;AVN
M1;4;13;#23;YJS4553;BCR
M1;4;15;CLIB651;YJS4612;BEK
M1;4;17;CLIB653;YJS4628;BEM
M1;4;19;WLP530;YJS4800;CFC
M1;4;21;WLP001;YJS4801;CFD
M1;4;23;Safale_S40;YJS4804;CFG
M1;6;1;WLP039;YJS4805;CFH
M1;6;3;WLP013;YJS4806;CFI
M1;6;5;;FY4;FY4
M1;6;7;WLP090;YJS4809;CFM
M1;6;9;WLP006;YJS4810;CFN
M1;6;11;WLP565;YJS4811;CFP
M1;6;13;UCD_40-255;YJS4965;CFS
M1;6;15;UCD_06-645;YJS4970;CGC
M1;6;17;NCYC_2780;YJS5512;BML
M1;6;19;2680;YJS5524;BMM
M1;6;21;DBVPG6694;YJS5591;BRP
M1;6;23;DBVPG6695;YJS5592;BRQ
M1;8;1;DBVPG6693;YJS5605;BSI
M1;8;3;YS5(E);YJS5619;BTD
M1;8;5;YS8(E);YJS5620;BTE
M1;8;7;;FY4;FY4
M1;8;9;SD-15;YJS5678;CBF
M1;8;11;NCYC_1187;YJS5688;CBR
M1;8;13;CLI_16;YJS5882;CKK
M1;8;15;CLI_23;YJS5889;CKS
M1;8;17;CLI_26;YJS5892;CLA
M1;8;19;SJ5L13;YJS5986;AMN
M1;8;21;CH06;YJS4556;AVP
M1;8;23;CH11;YJS4564;AVR
M1;10;1;CH10;YJS4572;AVQ
M1;10;3;CH14;YJS4580;AVS
M1;10;5;CH13;YJS4588;AVT
M1;10;7;CBS1248;YJS2999;AEC
M1;10;9;;FY4;FY4
M1;12;11;;FY4;FY4
M1;14;13;;FY4;FY4
M1;16;15;;FY4;FY4
M1;2;2;;FY4;FY4
M1;2;4;RIB6007;YJS5924;CMM
M1;2;6;RIB0007;YJS5925;CMN
M1;2;8;YPS615;YJS5926;CMP
M1;2;10;YPS617;YJS5927;CMQ
M1;2;12;YPS670;YJS5929;CMS
M1;2;14;SM.9.4.BR2;YJS5930;CMT
M1;2;16;SM.8.2.C13;YJS5933;CNB
M1;2;18;SM8.3.M5;YJS5934;CNC
M1;2;20;SM.8.7.L8;YJS5936;CNE
M1;2;22;SM.8.7.L9;YJS5937;CNF
M1;2;24;SM.8.7.BR1;YJS5938;CNG
M1;4;2;SM.8.8.BL1;YJS5939;CNH
M1;4;4;;FY4;FY4
M1;4;6;SM.8.8.CVR1;YJS5940;CNI
M1;4;8;SA.1.5.;YJS5941;CNK
M1;4;10;SA.9.2.BL3;YJS5942;CNL
M1;4;12;SA.9.3.VR1;YJS5943;CNM
M1;4;14;SA.9.4.VL4;YJS5944;CNN
M1;4;16;SA.9.4.BR2;YJS5945;CNP
M1;4;18;SA.10.1.VL1;YJS5946;CNQ
M1;4;20;SA.10.1.VR4;YJS5947;CNR
M1;4;22;RP11.4.1;YJS5948;CNS
M1;4;24;RP11.4.11;YJS5949;CNT
M1;6;2;RP11.4.14;YJS5950;CNV
M1;6;4;906;YJS5951;CPA
M1;6;6;;FY4;FY4
M1;6;8;995;YJS5952;CPB
M1;6;10;997;YJS5953;CPC
M1;6;12;1175;YJS5954;CPD
M1;6;14;1216;YJS5955;CPE
M1;6;16;1235;YJS5956;CPF
M1;6;18;1560;YJS5957;CPG
M1;6;20;LCBG-3D6;YJS5959;CPI
M1;6;22;LCBG-Mosca3;YJS5960;CPK
M1;6;24;LCBG-4Y3;YJS5961;CPL
M1;8;2;LCBG-3D2;YJS5962;CPM
M1;8;4;LCBG-3Y3;YJS5963;CPN
M1;8;6;LCBG-3D4;YJS5965;CPQ
M1;8;8;;FY4;FY4
M1;8;10;LCBG-3Y8;YJS5966;CPR
M1;8;12;FTPW3;YJS5968;CPT
M1;8;14;FTPW32;YJS5970;CQA
M1;8;16;FTPW35;YJS5971;CQB
M1;8;18;MTF2546;YJS5972;CQC
M1;8;20;MTF2547;YJS5973;CQD
M1;8;22;MTF2548;YJS5974;CQE
M1;8;24;MTF2549;YJS5975;CQF
M1;10;2;MTF2550;YJS5976;CQG
M1;10;4;MTF2551;YJS5977;CQH
M1;10;6;MTF2552;YJS5978;CQI
M1;10;8;MTF2553;YJS5979;CQK
M1;10;10;;FY4;FY4
M1;10;12;MTF2554;YJS5980;CQL
M1;10;14;MTF2555;YJS5981;CQM
M1;10;16;MTF2556;YJS5982;CQN
M1;10;18;MTF2557;YJS5983;CQP
M1;10;20;RIB1006;YJS5984;CQQ
M1;10;22;RIB1007;YJS5985;CQR
M1;10;24;SJ5L14;YJS5987;AMP
M1;12;6;M1.1;YJS5991;APH
M1;12;10;YJM1208;YJS6901;SACE_YBM
M1;12;12;;FY4;FY4
M1;12;14;YJM1242;YJS6902;SACE_YBN
M1;12;16;YJM1244;YJS6903;SACE_YBO
M1;12;18;YJM1248;YJS6904;SACE_YBP
M1;12;20;YJM1388;YJS6905;SACE_YCJ
M1;12;22;YJM1433;YJS6906;SACE_YCT
M1;12;24;YJM1434;YJS6907;SACE_YCU
M1;14;2;YJM1439;YJS6908;SACE_YCV
M1;14;14;;FY4;FY4
M1;14;16;YJM1463;YJS6914;SACE_YDB
M1;14;18;YJM1477;YJS6915;SACE_YDC
M1;14;20;YJM1478;YJS6916;SACE_YDD
M1;14;22;YJM1479;YJS6917;SACE_YDE
M1;14;24;YJM1526;YJS6918;SACE_YDF
M1;16;4;YJM1549;YJS6920;SACE_YDH
M1;16;6;YJM1573;YJS6921;SACE_YDI
M1;16;8;YJM1574;YJS6922;SACE_YDJ
M1;16;10;YJM1592;YJS6923;SACE_YDK
M1;16;16;;FY4;FY4
M2;1;1;;FY4;FY4
M2;1;3;B1;YJS100;ASP
M2;1;5;M1;YJS113;ASR
M2;1;7;M5;YJS114;ASS
M2;1;9;M6;YJS115;AST
M2;1;11;M9;YJS116;ASV
M2;1;13;PR;YJS123;ATA
M2;1;15;YJM308;YJS150;ATC
M2;1;17;YJM339;YJS151;ATD
M2;1;19;YJM627;YJS167;ATE
M2;1;21;UC4;YJS198;ATH
M2;1;23;UC10;YJS208;ATM
M2;3;1;Y4;YJS213;ATN
M2;3;3;;FY4;FY4
M2;3;5;Y5;YJS216;ATP
M2;3;7;YJM1419;YJS254;SACE_YCS
M2;3;9;CECT10497;YJS451;ATQ
M2;3;11;CECT10120;YJS454;ATR
M2;3;13;CECT10131;YJS456;ATS
M2;3;15;CECT10711;YJS470;AVC
M2;3;17;CECT10712;YJS471;AVD
M2;3;19;CECT1478;YJS475;AVH
M2;3;21;CLIB340;YJS552;ASL
M2;3;23;CLIB630;YJS555;ASN
M2;5;1;YJM978;YJS678;SACE_YBB
M2;5;3;YJM975;YJS680;SACE_YBA
M2;5;5;;FY4;FY4
M2;5;7;CLIB274_1;YJS1301;AAN
M2;5;9;CLIB326_1;YJS1302;AAP
M2;5;11;YJM428_1b;YJS1311;ABD
M2;5;13;CLIB208_1;YJS1355;ADK
M2;5;15;CLIB318_1;YJS1356;ADL
M2;5;17;CLIB324_2;YJS1357;ADM
M2;5;19;Y6_b;YJS1359;ADP
M2;5;21;T73_1b;YJS1362;ADS
M2;5;23;W303;YJS2504;SACE_GAV
M2;7;1;SK1;YJS2507;SACE_GAL
M2;7;3;L1528;YJS2509;SACE_GAP
M2;7;5;UWOPS83-787_3;YJS2513;SACE_GAS
M2;7;7;;FY4;FY4
M2;7;9;UWOPS87-2421;YJS2514;SACE_GAT
M2;7;11;UWOPS05_227_2;YJS2517;SACE_MAL
M2;7;13;378604X;YJS2519;SACE_MAB
M2;7;15;273614N;YJS2520;SACE_MAA
M2;7;17;CBS400;YJS2901;APQ
M2;7;19;CBS403;YJS2902;APR
M2;7;21;CBS423;YJS2904;APS
M2;7;23;CBS459;YJS2906;APT
M2;9;1;CBS1250;YJS2907;APV
M2;9;3;CBS4903;YJS2925;AQA
M2;9;5;CBS5112;YJS2926;AQB
M2;9;7;CBS5155;YJS2927;AQC
M2;9;9;;FY4;FY4
M2;9;11;CBS5378;YJS2928;AQD
M2;9;13;CBS6006;YJS2931;AQE
M2;9;15;CBS7539;YJS2941;AQG
M2;9;17;CBS8292;YJS2956;AQI
M2;9;19;CBS2165a;YJS2973;AAC
M2;9;21;CBS420;YJS2974;AQM
M2;9;23;CBS435;YJS2976;AQN
M2;11;1;CBS436a;YJS2977;AAD
M2;11;3;CBS462;YJS2981;AQP
M2;11;5;CBS1175;YJS2983;AQQ
M2;11;7;CBS1190;YJS2985;AQR
M2;11;9;CBS1196;YJS2990;AQS
M2;11;11;;FY4;FY4
M2;11;13;CBS1257;YJS3004;ARC
M2;11;15;CBS1398;YJS3016;ARE
M2;11;17;CBS1576;YJS3031;ARG
M2;11;19;CBS1592;YJS3036;ARH
M2;11;21;CBS1593;YJS3037;ARI
M2;11;23;CBS1602;YJS3039;ARK
M2;13;1;CBS2087;YJS3051;ARL
M2;13;3;CBS2188;YJS3060;ARM
M2;13;5;CBS2270;YJS3063;ARP
M2;13;7;CBS2271;YJS3064;ARQ
M2;13;9;CBS2272;YJS3065;ARR
M2;13;11;CBS2421;YJS3069;ARS
M2;13;13;;FY4;FY4
M2;13;15;CBS2808;YJS3075;ART
M2;13;17;CBS2965;YJS3079;ARV
M2;13;19;CBS4255;YJS3092;ASB
M2;13;21;CBS4507;YJS3097;ASD
M2;13;23;CBS4667;YJS3098;ASE
M2;15;1;CBS1489;YJS3134;ASG
M2;15;3;CBS1394;YJS3317;AEL
M2;15;5;CBS4454;YJS3319;AEN
M2;15;7;CBS1508;YJS3320;AEP
M2;15;9;CBS6216;YJS3329;AEV
M2;15;11;CBS6503;YJS3331;AFA
M2;15;13;CBS7764;YJS3334;AFC
M2;15;15;;FY4;FY4
M2;15;17;CBS8291;YJS3337;AFE
M2;15;19;CBS1236-a;YJS3338;AAL
M2;15;21;CBS2992;YJS3350;AFK
M2;15;23;CBS6505;YJS3356;AFP
M2;1;2;;FY4;FY4
M2;1;4;CBS1173;YJS3363;AFS
M2;1;6;CBS2814;YJS3365;AFV
M2;1;8;CBS3012;YJS3366;AGA
M2;1;10;CBS6308;YJS3367;AGB
M2;1;12;CBS1385;YJS3373;AGE
M2;1;14;CBS1480;YJS3378;AGG
M2;1;16;CBS1590;YJS3381;AGI
M2;1;18;CBS5835;YJS3448;AHP
M2;1;20;CBS2909;YJS3463;AID
M2;1;22;CBS457;YJS3469;AIF
M2;1;24;C6.1;YJS4000;AII
M2;3;2;C15.1;YJS4001;AIK
M2;3;4;;FY4;FY4
M2;3;6;C10.4;YJS4002;AIL
M2;3;8;E4;YJS4003;AIM
M2;3;10;MC5;YJS4004;AIN
M2;3;12;MC6;YJS4005;AIP
M2;3;14;MC7;YJS4006;AIQ
M2;3;16;MC8;YJS4007;AIR
M2;3;18;MC10;YJS4009;AIT
M2;3;20;NPA07.1;YJS4012;AKB
M2;3;22;NPA03.1;YJS4015;AKE
M2;3;24;NPA06.1;YJS4017;AKG
M2;5;2;NPA02-1;YJS4018;AKH
M2;5;4;DBVPG6044;YJS4019;AKI
M2;5;6;;FY4;FY4
M2;5;8;K12;YJS4021;AKL
M2;5;10;UWOPS03-461.4;YJS4022;AKM
M2;5;12;YPS128;YJS4023;AKN
M2;5;14;CLQCA_02-003;YJS4024;AKP
M2;5;16;CLQCA_04-021;YJS4025;AKQ
M2;5;18;CLQCA_05-006;YJS4026;AKR
M2;5;20;CLQCA_09-001;YJS4027;AKS
M2;5;22;CLQCA_10-003;YJS4028;AKT
M2;5;24;CLQCA_10-027;YJS4029;AKV
M2;7;2;CLQCA_10-619;YJS4030;ALA
M2;7;4;CLQCA_10-620;YJS4031;ALB
M2;7;6;CLQCA_11-024;YJS4032;ALC
M2;7;8;;FY4;FY4
M2;7;10;CLQCA_13-023;YJS4033;ALD
M2;7;12;CLQCA_17-060;YJS4034;ALE
M2;7;14;CLQCA_18-003;YJS4036;ALG
M2;7;16;CLQCA_19-011;YJS4037;ALH
M2;7;18;CLQCA_20-060;YJS4038;ALI
M2;7;20;CLQCA_24SC-235;YJS4039;ALK
M2;7;22;21/04/99;YJS4040;ALL
M2;7;24;21-4-101;YJS4041;ALM
M2;9;2;21-4-103;YJS4042;ALN
M2;9;4;21-4-105;YJS4043;ALP
M2;9;6;21-4-111;YJS4044;ALQ
M2;9;8;21-4-116;YJS4046;ALS
M2;9;10;;FY4;FY4
M2;9;12;21-4-122;YJS4047;ALT
M2;9;14;IY_03-5-30-1-1-1_(1);YJS4050;AMB
M2;9;16;IY_03-5-26-5-1-1_(1);YJS4051;AMC
M2;9;18;ES4M07;YJS4052;AMD
M2;9;20;ES2M03;YJS4054;AMF
M2;9;22;EN14S01;YJS4056;AMH
M2;9;24;SJ5L12;YJS4060;AMM
M2;11;2;SJ5L16;YJS4064;AMR
M2;11;4;DBVPG6696;YJS4066;ANA
M2;11;6;YPS129;YJS4068;ANC
M2;11;8;YPS133;YJS4069;AND
M2;11;10;YPS134;YJS4070;ANE
M2;11;12;;FY4;FY4
M2;11;14;YPS139;YJS4071;ANF
M2;11;16;YPS141;YJS4072;ANG
M2;11;18;YPS142;YJS4073;ANH
M2;11;20;YPS143;YJS4074;ANI
M2;11;22;YPS154;YJS4075;ANK
M2;11;24;AY529516;YJS4078;ANN
M2;13;2;UWOPS83-883-2;YJS4079;ANP
M2;13;4;L-1191;YJS4080;ANQ
M2;13;6;RIB0001;YJS4081;ANR
M2;13;8;RIB0002;YJS4082;ANS
M2;13;10;RIB0003;YJS4083;ANT
M2;13;12;RIB0004;YJS4084;ANV
M2;13;14;;FY4;FY4
M2;13;16;RIB0005;YJS4085;APA
M2;13;18;RIB1001;YJS4087;APC
M2;13;20;RIB1002;YJS4088;APD
M2;13;22;RIB1003;YJS4089;APE
M2;13;24;RIB1004;YJS4090;APF
M2;15;2;YS20;YJS4093;API
M2;15;4;YS11(E);YJS4095;APL
M2;15;6;STG_1;YJS4351;CLB
M2;15;8;STG_2;YJS4352;CLC
M2;15;10;STG_3;YJS4355;CLD
M2;15;12;EXF-3387;YJS4401;BEP
M2;15;14;EXF-4126;YJS4402;BEQ
M2;15;16;;FY4;FY4
M2;15;18;EXF-5042;YJS4404;BER
M2;15;20;EXF-5046;YJS4406;BES
M2;15;22;EXF-5247;YJS4407;BET
M2;15;24;EXF-5248;YJS4408;BEV
M2;2;1;;FY4;FY4
M2;2;3;EXF-5284;YJS4409;BFA
M2;2;5;EXF-5287;YJS4410;BFB
M2;2;7;EXF-5295;YJS4412;BFC
M2;2;9;EXF-5297;YJS4413;BFD
M2;2;11;EXF-5871;YJS4420;BFH
M2;2;13;EXF-6761;YJS4424;BFK
M2;2;15;EXF-6780;YJS4425;BFL
M2;2;17;EXF-7145;YJS4428;BFN
M2;2;19;EXF-7197;YJS4429;BFP
M2;2;21;YS15;YJS4500;APM
M2;2;23;HN10;YJS4502;BAM
M2;4;1;CCY_21-4-98;YJS4503;BBE
M2;4;3;;FY4;FY4
M2;4;5;2187;YJS4504;BBS
M2;4;7;HE011;YJS4505;BCK
M2;4;9;#36;YJS4506;BDC
M2;4;11;CEY616;YJS4507;BDQ
M2;4;13;HN15;YJS4510;BAN
M2;4;15;CCY_21-4-102;YJS4511;BBF
M2;4;17;HE012;YJS4513;BCL
M2;4;19;#13;YJS4514;BDD
M2;4;21;CEY617;YJS4515;BDR
M2;4;23;YPS163;YJS4516;AVI
M2;6;1;HN16;YJS4518;BAP
M2;6;3;2282;YJS4520;BBV
M2;6;5;;FY4;FY4
M2;6;7;HE013;YJS4521;BCM
M2;6;9;CEY618;YJS4523;BDS
M2;6;11;L-1194;YJS4524;AVK
M2;6;13;HN19;YJS4526;BAQ
M2;6;15;CCY_21-4-119;YJS4527;BBH
M2;6;17;2644;YJS4528;BCA
M2;6;19;#57;YJS4530;BDF
M2;6;21;CEY619;YJS4531;BDT
M2;6;23;RIB6008;YJS4532;AVL
M2;8;1;PB56;YJS4534;BAR
M2;8;3;CCY_21-4-120;YJS4535;BBI
M2;8;5;HE001;YJS4536;BCB
M2;8;7;;FY4;FY4
M2;8;9;HE016;YJS4537;BCP
M2;8;11;#58;YJS4538;BDG
M2;8;13;CEY620;YJS4539;BDV
M2;8;15;RIB6009;YJS4540;AVM
M2;8;17;PB67;YJS4542;BAS
M2;8;19;CCY_21-4-121;YJS4543;BBK
M2;8;21;HE004;YJS4544;BCC
M2;8;23;HE020;YJS4545;BCQ
M2;10;1;#59;YJS4546;BDH
M2;10;3;CEY621;YJS4547;BEA
M2;10;5;DJ74;YJS4549;BAF
M2;10;7;PB94;YJS4550;BAT
M2;10;9;;FY4;FY4
M2;10;11;IMB-53;YJS4551;BBL
M2;10;13;HE005;YJS4552;BCD
M2;10;15;#60;YJS4554;BDI
M2;10;17;CEY622;YJS4555;BEB
M2;10;19;SX1;YJS4557;BAG
M2;10;21;PB137;YJS4558;BAV
M2;10;23;908;YJS4559;BBM
M2;12;1;HE006;YJS4560;BCE
M2;12;3;#03;YJS4561;BCS
M2;12;5;#63;YJS4562;BDK
M2;12;7;CEY623;YJS4563;BEC
M2;12;9;SX3;YJS4565;BAH
M2;12;11;;FY4;FY4
M2;12;13;PB197;YJS4566;BBA
M2;12;15;HE007;YJS4568;BCF
M2;12;17;#05;YJS4569;BCT
M2;12;19;CLQCA_10-386;YJS4570;BDL
M2;12;21;CEY624;YJS4571;BED
M2;12;23;BJ6;YJS4573;BAI
M2;14;1;PB200;YJS4574;BBB
M2;14;3;1663;YJS4575;BBP
M2;14;5;HE008;YJS4576;BCG
M2;14;7;#33;YJS4577;BCV
M2;14;9;MAJ_A;YJS4578;BDM
M2;14;11;CEY625;YJS4579;BEE
M2;14;13;;FY4;FY4
M2;14;15;BJ20;YJS4581;BAK
M2;14;17;2162;YJS4583;BBQ
M2;14;19;HE009;YJS4584;BCH
M2;14;21;#34;YJS4585;BDA
M2;14;23;MAJ_G;YJS4586;BDN
M2;16;1;CLIB413;YJS4587;BEF
M2;16;3;HN6;YJS4589;BAL
M2;16;5;CCY_21-4-97;YJS4590;BBD
M2;16;7;2163;YJS4591;BBR
M2;16;9;HE010;YJS4592;BCI
M2;16;11;#35;YJS4593;BDB
M2;16;13;CEY615;YJS4594;BDP
M2;16;15;;FY4;FY4
M2;16;17;CLIB414;YJS4595;BEG
M2;16;19;CLIB415;YJS4596;BEH
M2;16;21;CLIB550;YJS4597;BGB
M2;16;23;CLIB562;YJS4598;BGP
M2;2;2;;FY4;FY4
M2;2;4;CLIB1070;YJS4599;BHG
M2;2;6;DBVPG1014;YJS4600;BHV
M2;2;8;DBVPG1122;YJS4601;BIM
M2;2;10;DBVPG1380;YJS4602;BKE
M2;2;12;DBVPG1595;YJS4603;BKS
M2;2;14;CLIB551;YJS4605;BGC
M2;2;16;CLIB563;YJS4606;BGQ
M2;2;18;CLIB1071;YJS4607;BHH
M2;2;20;DBVPG1029;YJS4608;BIA
M2;2;22;DBVPG1123;YJS4609;BIN
M2;2;24;DBVPG1473;YJS4610;BKF
M2;4;2;DBVPG1596;YJS4611;BKT
M2;4;4;;FY4;FY4
M2;4;6;CLIB552;YJS4613;BGD
M2;4;8;CLIB564;YJS4614;BGR
M2;4;10;CLIB1072;YJS4615;BHI
M2;4;12;DBVPG1041;YJS4616;BIB
M2;4;14;DBVPG1125;YJS4617;BIP
M2;4;16;DBVPG1490;YJS4618;BKG
M2;4;18;CLIB553;YJS4621;BGE
M2;4;20;CLIB631;YJS4622;BGS
M2;4;22;CLIB1077;YJS4623;BHK
M2;4;24;DBVPG1056;YJS4624;BIC
M2;6;2;DBVPG1523;YJS4626;BKH
M2;6;4;DBVPG1599;YJS4627;BLA
M2;6;6;;FY4;FY4
M2;6;8;CLIB554;YJS4629;BGF
M2;6;10;CLIB648;YJS4630;BGT
M2;6;12;CLIB1082;YJS4631;BHL
M2;6;14;DBVPG1058;YJS4632;BID
M2;6;16;DBVPG1127;YJS4633;BIR
M2;6;18;DBVPG1554;YJS4634;BKI
M2;6;20;DBVPG1601;YJS4635;BLB
M2;6;22;CLIB555;YJS4637;BGG
M2;6;24;CLIB649;YJS4638;BGV
M2;8;2;CLIB1085;YJS4639;BHM
M2;8;4;DBVPG1074;YJS4640;BIE
M2;8;6;DBVPG1129;YJS4641;BIS
M2;8;8;;FY4;FY4
M2;8;10;DBVPG1555;YJS4642;BKK
M2;8;12;DBVPG1606;YJS4643;BLC
M2;8;14;CLIB484;YJS4644;BFQ
M2;8;16;CLIB556;YJS4645;BGH
M2;8;18;CLIB1410;YJS4647;BHN
M2;8;20;DBVPG1076;YJS4648;BIF
M2;8;22;DBVPG1145;YJS4649;BIT
M2;8;24;DBVPG1564;YJS4650;BKL
M2;10;2;DBVPG1608;YJS4651;BLD
M2;10;4;CLIB485;YJS4652;BFR
M2;10;6;CLIB557;YJS4653;BGI
M2;10;8;CLIB889;YJS4654;BHB
M2;10;10;;FY4;FY4
M2;10;12;CLIB1411;YJS4655;BHP
M2;10;14;DBVPG1080;YJS4656;BIG
M2;10;16;DBVPG1577;YJS4658;BKM
M2;10;18;DBVPG1611;YJS4659;BLE
M2;10;20;CLIB546;YJS4660;BFS
M2;10;22;CLIB558;YJS4661;BGK
M2;10;24;CLIB1040;YJS4662;BHC
M2;12;2;CLIB1412;YJS4663;BHQ
M2;12;4;DBVPG1105;YJS4664;BIH
M2;12;6;DBVPG1163;YJS4665;BKA
M2;12;8;DBVPG1580;YJS4666;BKN
M2;12;10;DBVPG1615;YJS4667;BLF
M2;12;12;;FY4;FY4
M2;12;14;CLIB547;YJS4668;BFT
M2;12;16;CLIB559;YJS4669;BGL
M2;12;18;CLIB1059;YJS4670;BHD
M2;12;20;CLIB1413;YJS4671;BHR
M2;12;22;DBVPG1106;YJS4672;BII
M2;12;24;DBVPG1581;YJS4674;BKP
M2;14;2;DBVPG1625;YJS4675;BLG
M2;14;4;CLIB548;YJS4676;BFV
M2;14;6;CLIB560;YJS4677;BGM
M2;14;8;CLIB1060;YJS4678;BHE
M2;14;10;CLIB1414;YJS4679;BHS
M2;14;12;DBVPG1107;YJS4680;BIK
M2;14;14;;FY4;FY4
M2;14;16;DBVPG1339;YJS4681;BKC
M2;14;18;DBVPG1584;YJS4682;BKQ
M2;14;20;DBVPG1626;YJS4683;BLH
M2;14;22;CLIB549;YJS4684;BGA
M2;14;24;CLIB561;YJS4685;BGN
M2;16;2;CLIB1062;YJS4686;BHF
M2;16;4;CLIB1083;YJS4687;BHT
M2;16;6;DBVPG1108;YJS4688;BIL
M2;16;8;DBVPG1374;YJS4689;BKD
M2;16;10;DBVPG1594;YJS4690;BKR
M2;16;12;DBVPG1629;YJS4691;BLI
M2;16;14;DBVPG1631;YJS4692;BLK
M2;16;16;;FY4;FY4
M2;16;18;DBVPG1632;YJS4693;BLL
M2;16;20;DBVPG1656;YJS4694;BLM
M2;16;22;DBVPG1659;YJS4695;BLN
M2;16;24;DBVPG1661;YJS4696;BLP
M3;1;1;;FY4;FY4
M3;1;3;DBVPG1669;YJS4697;BLQ
M3;1;5;DBVPG1973;YJS4698;BLR
M3;1;7;DBVPG1975;YJS4699;BLS
M3;1;9;N19-1C;YJS4700;CCL
M3;1;11;N493-2C;YJS4701;CCM
M3;1;13;VKM_Y-504:S;YJS4702;CCN
M3;1;15;IFO_0877:6-1;YJS4703;CCP
M3;1;17;Ksc2-2B;YJS4704;CCQ
M3;1;19;Ksc40-8A;YJS4705;CCR
M3;1;21;Ksc73-2D;YJS4706;CCS
M3;1;23;S11F3-6B;YJS4707;CCT
M3;3;1;S8BM-30-2D;YJS4708;CCV
M3;3;3;;FY4;FY4
M3;3;5;ATCC_66348-1D;YJS4710;CDB
M3;3;7;N37-1A;YJS4711;CDC
M3;3;9;N38-4A;YJS4712;CDD
M3;3;11;N39-7A;YJS4713;CDE
M3;3;13;N22.00-5D;YJS4714;CDF
M3;3;15;N3.00-7A;YJS4715;CDG
M3;3;17;N159.01-2B;YJS4716;CDH
M3;3;19;N163.01-5A;YJS4717;CDI
M3;3;21;N51-1A;YJS4719;CDL
M3;3;23;UFRJ_50613-2D(a);YJS4720;CDM
M3;5;1;UCD_61-190-6A;YJS4721;CDN
M3;5;3;N95-5-1A;YJS4722;CDP
M3;5;5;;FY4;FY4
M3;5;7;N95-6-1C;YJS4723;CDQ
M3;5;9;CECT10331:9-1;YJS4724;CDR
M3;5;11;CECT10351-1B;YJS4725;CDS
M3;5;13;CECT10171-5B;YJS4726;CDT
M3;5;15;DBVPG1616-1D;YJS4727;CDV
M3;5;17;DBVPG1620-1A;YJS4730;CEC
M3;5;19;DBVPG1621-5A;YJS4731;CED
M3;5;21;DBVPG1622-8B;YJS4732;CEE
M3;5;23;DBVPG1623-2A;YJS4733;CEF
M3;7;1;EM14S01-3B;YJS4734;CEG
M3;7;3;ES2M03-7A;YJS4735;CEH
M3;7;5;GE14S01-7B;YJS4736;CEI
M3;7;7;;FY4;FY4
M3;7;9;JCM_2985-4B;YJS4737;CEK
M3;7;11;JCM_3529-7B;YJS4738;CEL
M3;7;13;ATCC_38618:2-2;YJS4740;CEN
M3;7;15;ATCC_52922-1C;YJS4741;CEP
M3;7;17;MUCL_30909-2C;YJS4742;CEQ
M3;7;19;N34:2-4(a);YJS4743;CER
M3;7;21;N26-1-10:7-5(a);YJS4744;CES
M3;7;23;N134:7-1(a);YJS4745;CET
M3;9;1;Dji2-2A(a);YJS4747;CFA
M3;9;3;ho_SB;YJS4758;CFB
M3;9;5;WLP099;YJS4802;CFE
M3;9;7;WLP570;YJS4803;CFF
M3;9;9;;FY4;FY4
M3;9;11;YJM270;YJS4900;SACE_YAF
M3;9;13;YJM1129;YJS4902;SACE_YDO
M3;9;15;YJM189;YJS4903;SACE_YAA
M3;9;17;YJM193;YJS4904;SACE_YAB
M3;9;19;YJM195;YJS4905;SACE_YAC
M3;9;21;YJM244;YJS4906;SACE_YAD
M3;9;23;YJM248;YJS4907;SACE_YAE
M3;11;1;YJM271;YJS4908;SACE_YAG
M3;11;3;YJM450;YJS4911;SACE_YAK
M3;11;5;YJM453;YJS4912;SACE_YAM
M3;11;7;YJM456;YJS4913;SACE_YAN
M3;11;9;YJM541;YJS4915;SACE_YAP
M3;11;11;;FY4;FY4
M3;11;13;YJM554;YJS4916;SACE_YAQ
M3;11;15;YJM555;YJS4917;SACE_YAR
M3;11;17;YJM681;YJS4918;SACE_YAT
M3;11;19;YJM682;YJS4919;SACE_YAU
M3;11;21;YJM683;YJS4920;SACE_YAV
M3;11;23;YJM689;YJS4921;SACE_YAW
M3;13;1;YJM693;YJS4922;SACE_YAX
M3;13;3;YJM969;YJS4923;SACE_YAY
M3;13;5;YJM972;YJS4924;SACE_YAZ
M3;13;7;YJM987;YJS4926;SACE_YBE
M3;13;9;YJM980;YJS4927;SACE_YBF
M3;13;11;YJM993;YJS4928;SACE_YBG
M3;13;13;;FY4;FY4
M3;13;15;YJM996;YJS4929;SACE_YBH
M3;13;17;YJM1078;YJS4930;SACE_YDM
M3;13;19;YJM1083;YJS4931;SACE_YDN
M3;13;21;YJM1190;YJS4933;SACE_YBJ
M3;13;23;YJM1199;YJS4934;SACE_YBK
M3;15;1;YJM1202;YJS4935;SACE_YBL
M3;15;3;YJM1250;YJS4936;SACE_YBQ
M3;15;5;YJM1252;YJS4937;SACE_YBR
M3;15;7;YJM1273;YJS4938;SACE_YBS
M3;15;9;YJM1304;YJS4939;SACE_YBT
M3;15;11;YJM1307;YJS4940;SACE_YBU
M3;15;13;YJM1311;YJS4941;SACE_YBV
M3;15;15;;FY4;FY4
M3;15;17;YJM1326;YJS4942;SACE_YBW
M3;15;19;YJM1332;YJS4943;SACE_YBX
M3;15;21;YJM1336;YJS4944;SACE_YBY
M3;15;23;YJM1338;YJS4945;SACE_YBZ
M3;1;2;;FY4;FY4
M3;1;4;YJM1341;YJS4946;SACE_YCA
M3;1;6;YJM1342;YJS4947;SACE_YCB
M3;1;8;YJM1355;YJS4948;SACE_YCC
M3;1;10;YJM1356;YJS4949;SACE_YCD
M3;1;12;YJM1381;YJS4950;SACE_YCE
M3;1;14;YJM1383;YJS4951;SACE_YCF
M3;1;16;YJM1385;YJS4952;SACE_YCG
M3;1;18;YJM1386;YJS4953;SACE_YCH
M3;1;20;YJM1387;YJS4954;SACE_YCI
M3;1;22;YJM1389;YJS4955;SACE_YCK
M3;1;24;YJM1399;YJS4956;SACE_YCL
M3;3;2;YJM1400;YJS4957;SACE_YCM
M3;3;4;;FY4;FY4
M3;3;6;YJM1401;YJS4958;SACE_YCN
M3;3;8;YJM1402;YJS4959;SACE_YCO
M3;3;10;YJM1415;YJS4960;SACE_YCP
M3;3;12;YJM1417;YJS4961;SACE_YCQ
M3;3;14;YJM1418;YJS4962;SACE_YCR
M3;3;16;UCD_40-235;YJS4963;CFQ
M3;3;18;UCD_40-248;YJS4964;CFR
M3;3;20;UCD_40-346;YJS4966;CFT
M3;3;22;UCD_40-49;YJS4967;CFV
M3;3;24;UCD_05-780;YJS4969;CGB
M3;5;2;UCD_09-448;YJS4971;CGD
M3;5;4;UCD_11-601;YJS4972;CGE
M3;5;6;;FY4;FY4
M3;5;8;TayTa;YJS5201;CGG
M3;5;10;Me7;YJS5203;CGI
M3;5;12;Lx2;YJS5204;CGK
M3;5;14;BMQ557;YJS5205;CGL
M3;5;16;SGB1;YJS5207;CGN
M3;5;18;SG4;YJS5208;CGP
M3;5;20;RR1a;YJS5209;CGQ
M3;5;22;VL5;YJS5210;CGR
M3;5;24;Ca6;YJS5211;CGS
M3;7;2;Lib39;YJS5212;CGT
M3;7;4;Lib51;YJS5213;CGV
M3;7;6;Lib52;YJS5214;CHA
M3;7;8;;FY4;FY4
M3;7;10;Lib54;YJS5215;CHB
M3;7;12;Lib61;YJS5216;CHC
M3;7;14;Lib70;YJS5217;CHD
M3;7;16;Lib71;YJS5218;CHE
M3;7;18;Lib73;YJS5219;CHF
M3;7;20;324-6C;YJS5220;CHG
M3;7;22;319-5C;YJS5221;CHH
M3;7;24;646-3B;YJS5222;CHI
M3;9;2;Win-8B;YJS5223;CHK
M3;9;4;SBE-1C;YJS5224;CHL
M3;9;6;SBD;YJS5225;CHM
M3;9;10;;FY4;FY4
M3;9;16;DBVPG1984;YJS5500;BLT
M3;9;18;DBVPG3022;YJS5501;BLV
M3;9;20;UWOPS03-429.1;YJS5502;BMA
M3;9;22;UWOPS03-433.3;YJS5503;BMB
M3;9;24;UWOPS03-459.1;YJS5504;BMC
M3;11;2;384103A;YJS5505;BMD
M3;11;4;269521J;YJS5507;BMF
M3;11;6;YJM984;YJS5509;BMH
M3;11;8;YJM989;YJS5510;BMI
M3;11;10;YJM990;YJS5511;BMK
M3;11;12;;FY4;FY4
M3;11;14;CEY646;YJS5513;BMR
M3;11;16;CEY647;YJS5514;CQS
M3;11;18;CEY649;YJS5516;BMV
M3;11;20;CEY650;YJS5517;BNA
M3;11;22;CEY651;YJS5518;BNB
M3;11;24;CEY652;YJS5519;BNC
M3;13;2;CEY653;YJS5520;BND
M3;13;4;DBVPG1057;YJS5521;BNE
M3;13;6;DBVPG1078;YJS5522;BNF
M3;13;8;2698;YJS5525;BMN
M3;13;10;2720;YJS5527;BMQ
M3;13;12;DBVPG1685;YJS5528;BNH
M3;13;14;;FY4;FY4
M3;13;16;DBVPG1699;YJS5529;BNI
M3;13;18;DBVPG1701;YJS5530;BNK
M3;13;20;DBVPG1708;YJS5531;BNL
M3;13;22;DBVPG1711;YJS5532;BNM
M3;13;24;DBVPG1712;YJS5533;BNN
M3;15;2;DBVPG1714;YJS5534;BNP
M3;15;4;DBVPG1719;YJS5535;BNQ
M3;15;6;DBVPG1725;YJS5536;BNR
M3;15;8;DBVPG1772;YJS5538;BNT
M3;15;10;DBVPG1790;YJS5539;BNV
M3;15;12;DBVPG1792;YJS5540;BPA
M3;15;14;DBVPG1795;YJS5541;BPB
M3;15;16;;FY4;FY4
M3;15;18;DBVPG1798;YJS5542;BPC
M3;15;20;DBVPG1832;YJS5545;BPF
M3;15;22;DBVPG1841;YJS5546;BPG
M3;15;24;DBVPG1843;YJS5547;BPH
M3;2;1;;FY4;FY4
M3;2;3;DBVPG1848;YJS5548;BPI
M3;2;5;DBVPG1861;YJS5549;BPK
M3;2;7;DBVPG1878;YJS5550;BPL
M3;2;9;DBVPG1880;YJS5551;BPM
M3;2;11;DBVPG1895;YJS5552;BPN
M3;2;13;DBVPG1898;YJS5553;BPP
M3;2;15;DBVPG1918;YJS5554;BPQ
M3;2;17;DBVPG1960;YJS5557;BPT
M3;2;19;DBVPG1976;YJS5558;BPV
M3;2;21;DBVPG1994;YJS5559;BQA
M3;2;23;DBVPG2049;YJS5560;BQB
M3;4;1;DBVPG2088;YJS5561;BQC
M3;4;3;;FY4;FY4
M3;4;5;DBVPG2166;YJS5563;BQE
M3;4;7;DBVPG3098;YJS5565;BQG
M3;4;9;DBVPG3100;YJS5566;BQH
M3;4;11;DBVPG3924;YJS5567;BQI
M3;4;13;DBVPG4162;YJS5570;BQM
M3;4;15;DBVPG4186;YJS5571;BQN
M3;4;17;DBVPG4297;YJS5572;BQP
M3;4;19;DBVPG4317;YJS5573;BQQ
M3;4;21;DBVPG4381;YJS5574;BQR
M3;4;23;DBVPG4410;YJS5575;BQS
M3;6;1;DBVPG4460;YJS5576;BQT
M3;6;3;DBVPG4651;YJS5578;BRA
M3;6;5;;FY4;FY4
M3;6;7;DBVPG4686;YJS5579;BRB
M3;6;9;DBVPG4695;YJS5580;BRC
M3;6;11;DBVPG4902;YJS5581;BRD
M3;6;13;DBVPG4905;YJS5582;BRE
M3;6;15;DBVPG5760;YJS5583;BRF
M3;6;17;DBVPG6223;YJS5585;BRH
M3;6;19;DBVPG6302;YJS5587;BRK
M3;6;21;DBVPG6874;YJS5596;BRV
M3;6;23;DBVPG6876;YJS5597;BSA
M3;8;1;DBVPG6877;YJS5598;BSB
M3;8;3;DBVPG6878;YJS5599;BSC
M3;8;5;DBVPG6879;YJS5600;BSD
M3;8;7;;FY4;FY4
M3;8;9;DBVPG6880;YJS5601;BSE
M3;8;11;DBVPG6295;YJS5603;BSG
M3;8;13;D3742;YJS5606;BSK
M3;8;15;M57;YJS5607;BSL
M3;8;17;SGU89;YJS5608;BSM
M3;8;19;SG60;YJS5609;BSN
M3;8;21;L-1183;YJS5610;BSP
M3;8;23;L-846;YJS5611;CRG
M3;10;1;L-958;YJS5612;BSR
M3;10;3;L-960;YJS5613;BSS
M3;10;5;L-962;YJS5614;BST
M3;10;7;L-982;YJS5615;CQT
M3;10;9;;FY4;FY4
M3;10;11;79;YJS5618;BTC
M3;10;13;YS22(E);YJS5621;BTF
M3;10;15;ZP_567;YJS5622;BTG
M3;10;17;ZP_577;YJS5623;BTH
M3;10;19;ZP_611;YJS5624;BTI
M3;10;21;L-304;YJS5626;BTL
M3;10;23;L-319;YJS5627;CRH
M3;12;1;L-475;YJS5628;BTN
M3;12;3;L-1198;YJS5629;BTP
M3;12;5;L-1201;YJS5631;BTR
M3;12;7;RIB1005;YJS5632;BTS
M3;12;9;M.9.1;YJS5633;BTT
M3;12;11;;FY4;FY4
M3;12;13;M.14.1;YJS5634;BTV
M3;12;15;RP.10.4;YJS5635;BVA
M3;12;17;RP.10.13;YJS5636;BVB
M3;12;19;RP.10.14;YJS5637;BVC
M3;12;21;SM.9.1.AL1;YJS5638;BVD
M3;12;23;SM.9.2.BR3(L);YJS5640;BVF
M3;14;1;SM.9.4.BL2;YJS5641;BVG
M3;14;3;SM.9.4.BR1;YJS5642;BVH
M3;14;5;AGME_5I;YJS5643;CRI
M3;14;7;4LBI-3;YJS5644;BVK
M3;14;9;E1-6;YJS5645;CRK
M3;14;11;SA6-31;YJS5646;BVM
M3;14;13;;FY4;FY4
M3;14;15;CD7-9Sv2;YJS5647;CQV
M3;14;17;RB3-7Sc2;YJS5648;CRA
M3;14;19;SC2-37;YJS5649;CRB
M3;14;21;Ba-215;YJS5650;CRC
M3;14;23;FIMA_3;YJS5651;CRD
M3;16;1;B-24;YJS5652;BVT
M3;16;3;ao_t-15;YJS5653;BVV
M3;16;5;mai-18;YJS5654;CAA
M3;16;7;11-ao_t;YJS5655;CAB
M3;16;9;A-12;YJS5656;CAC
M3;16;11;nov-18;YJS5657;CAD
M3;16;13;B-4;YJS5658;CAE
M3;16;15;;FY4;FY4
M3;16;17;C-3;YJS5659;CAF
M3;16;19;C-6;YJS5660;CRL
M3;16;21;D-1;YJS5661;CAH
M3;16;23;D-4;YJS5662;CAI
M3;2;2;;FY4;FY4
M3;2;4;A-16;YJS5663;CAK
M3;2;6;A-19;YJS5664;CAL
M3;2;8;09-juil;YJS5665;CAM
M3;2;10;08-mars;YJS5666;CAN
M3;2;12;11-f_vr;YJS5667;CAP
M3;2;14;05-f_vr;YJS5668;CAQ
M3;2;16;A-9;YJS5669;CAR
M3;2;18;B-17;YJS5670;CAS
M3;2;20;C-12;YJS5671;CAT
M3;2;22;B-13;YJS5672;CAV
M3;2;24;A-14;YJS5673;CBA
M3;4;2;01-sept;YJS5674;CBB
M3;4;4;;FY4;FY4
M3;4;6;D-18;YJS5675;CBC
M3;4;8;B-11;YJS5676;CBD
M3;4;10;D-21;YJS5677;CBE
M3;4;12;DBVPG1978;YJS5679;CBG
M3;4;14;DBVPG3051;YJS5680;CBH
M3;4;16;DBVPG4036;YJS5681;CBI
M3;4;18;2;YJS5683;CBL
M3;4;20;3;YJS5684;CBM
M3;4;22;NCYC_88;YJS5685;CBN
M3;4;24;CLQCA_20-156;YJS5694;CCC
M3;6;2;CLQCA_20-184;YJS5695;CCD
M3;6;4;CLQCA_20-221;YJS5696;CCE
M3;6;6;;FY4;FY4
M3;6;8;CLQCA_20-246;YJS5697;CCF
M3;6;10;CLQCA_20-259;YJS5698;CCG
M3;6;12;CLQCA_20-314;YJS5699;CCH
M3;6;14;CLQCA_20-248;YJS5700;CCI
M3;6;16;SC 29 F.;YJS5826;CHR
M3;6;18;SC 32 F.;YJS5829;CHS
M3;6;20;SC 33 F.;YJS5830;CHT
M3;6;22;SRC 120;YJS5832;CHV
M3;6;24;SRC 147;YJS5833;CIA
M3;8;2;SRC 213;YJS5834;CIB
M3;8;4;Ponton 11;YJS5845;CIC
M3;8;6;Ponton 12;YJS5846;CID
M3;8;8;;FY4;FY4
M3;8;10;Ponton 14;YJS5848;CIF
M3;8;12;PB11;YJS5859;CIG
M3;8;14;PB12;YJS5860;CIH
M3;8;16;PB13;YJS5861;CII
M3;8;18;PB14;YJS5862;CIK
M3;8;20;PB15;YJS5863;CIL
M3;8;22;CLI_1;YJS5864;CIM
M3;8;24;CLI_2;YJS5865;CIN
M3;10;2;CLI_3;YJS5866;CIP
M3;10;4;CLI_4;YJS5867;CIQ
M3;10;6;CLI_5;YJS5868;CIR
M3;10;8;CLI_6;YJS5869;CIS
M3;10;10;;FY4;FY4
M3;10;12;CLI_7;YJS5870;CIT
M3;10;14;CLI_8;YJS5871;CIV
M3;10;16;CLI_9;YJS5872;CKA
M3;10;18;CLI_10;YJS5873;CKB
M3;10;20;CLI_11;YJS5874;CKC
M3;10;22;CLI_12;YJS5875;CKD
M3;10;24;CLI_13;YJS5877;CKE
M3;12;2;CLI_14;YJS5878;CKF
M3;12;4;UL G84F88I90;YJS5879;CKG
M3;12;6;ultra lev. 1127;YJS5880;CKH
M3;12;8;CLI_15;YJS5881;CKI
M3;12;10;CLI_17;YJS5883;CKL
M3;12;12;;FY4;FY4
M3;12;14;CLI_18;YJS5884;CKM
M3;12;16;CLI_19;YJS5885;CKN
M3;12;18;CLI_20;YJS5886;CKP
M3;12;20;CLI_21;YJS5887;CKQ
M3;12;22;CLI_22;YJS5888;CKR
M3;12;24;CLI_24;YJS5890;CKT
M3;14;2;CLI_25;YJS5891;CKV
M3;14;4;NCYC_2966;YJS5900;CLG
M3;14;6;NCYC_2743;YJS5901;CLH
M3;14;8;K5;YJS5902;CLI
M3;14;10;K9;YJS5903;CLK
M3;14;12;K10;YJS5904;CLL
M3;14;14;;FY4;FY4
M3;14;16;K13;YJS5905;CLM
M3;14;18;K14;YJS5906;CLN
M3;14;20;K15;YJS5907;CLP
M3;14;22;RIB1008;YJS5909;CLR
M3;14;24;RIB1010;YJS5910;CLS
M3;16;2;RIB1011;YJS5911;CLT
M3;16;4;RIB1012;YJS5912;CLV
M3;16;6;RIB1014;YJS5914;CMB
M3;16;8;RIB1015;YJS5915;CMC
M3;16;10;RIB1016;YJS5916;CMD
M3;16;12;RIB1017;YJS5917;CME
M3;16;14;RIB6001;YJS5918;CMF
M3;16;16;;FY4;FY4
M3;16;18;RIB6003;YJS5920;CMH
M3;16;20;RIB6004;YJS5921;CMI
M3;16;22;RIB6005;YJS5922;CMK
M3;16;24;RIB6006;YJS5923;CML