Plate_384,row_384,col_384,Strain_Name_4SRA,YJS_name,Standardized_name,row_384_alpha,Sample_Well_384,Quadrant_96,Plate_96,Sample_Well_96,row_96,col_96
M1,1,1,,FY4,FY4,A,A01,A,M1_A,A01,1,1
M1,1,3,RM11-1a,YJS6,AAA,A,A03,A,M1_A,A02,1,2
M1,1,5,CECT10266,YJS461,AVB,A,A05,A,M1_A,A03,1,3
M1,1,7,CLIB192_1b,YJS1300,AAM,A,A07,A,M1_A,A04,1,4
M1,1,9,CLIB272_2,YJS1303,AAQ,A,A09,A,M1_A,A05,1,5
M1,1,11,CLIB382_1b,YJS1304,AAR,A,A11,A,M1_A,A06,1,6
M1,1,13,YJM145_b,YJS1305,AAS,A,A13,A,M1_A,A07,1,7
M1,1,15,YJM280_b,YJS1306,AAT,A,A15,A,M1_A,A08,1,8
M1,1,17,YJM320b,YJS1307,AAV,A,A17,A,M1_A,A09,1,9
M1,1,19,YJM326_b,YJS1308,ABA,A,A19,A,M1_A,A10,1,10
M1,1,21,YJM413_b,YJS1309,ABB,A,A21,A,M1_A,A11,1,11
M1,1,23,YJM421_b,YJS1310,ABC,A,A23,A,M1_A,A12,1,12
M1,3,1,YJM434_1b,YJS1312,ABE,C,C01,A,M1_A,B01,2,1
M1,3,3,,FY4,FY4,C,C03,A,M1_A,B02,2,2
M1,3,5,YJM436_1b,YJS1313,ABF,C,C05,A,M1_A,B03,2,3
M1,3,7,YJM440_1b,YJS1314,ABG,C,C07,A,M1_A,B04,2,4
M1,3,9,YJM454_1b,YJS1315,ABH,C,C09,A,M1_A,B05,2,5
M1,3,11,YJM653_1b,YJS1316,ABI,C,C11,A,M1_A,B06,2,6
M1,3,13,YJM678_1b,YJS1317,ABK,C,C13,A,M1_A,B07,2,7
M1,3,15,CBS2888_1b,YJS1318,ABL,C,C15,A,M1_A,B08,2,8
M1,3,17,CBS3093_1b,YJS1319,ABM,C,C17,A,M1_A,B09,2,9
M1,3,19,CECT10109_1b,YJS1321,ABP,C,C19,A,M1_A,B10,2,10
M1,3,21,DBVPG1788_1b,YJS1322,ABQ,C,C21,A,M1_A,B11,2,11
M1,3,23,DBVPG1794_1b,YJS1323,ABR,C,C23,A,M1_A,B12,2,12
M1,5,1,DBVPG3591_1b,YJS1324,ABS,E,E01,A,M1_A,C01,3,1
M1,5,3,DBVPG4651_1b,YJS1325,ABT,E,E03,A,M1_A,C02,3,2
M1,5,5,,FY4,FY4,E,E05,A,M1_A,C03,3,3
M1,5,7,EM93_3,YJS1327,ACA,E,E07,A,M1_A,C04,3,4
M1,5,9,TL229S2.2,YJS1328,ACB,E,E09,A,M1_A,C05,3,5
M1,5,11,YPS1000_1b,YJS1329,ACC,E,E11,A,M1_A,C06,3,6
M1,5,13,YPS163_1b,YJS1330,ACD,E,E13,A,M1_A,C07,3,7
M1,5,15,CLIB294_1b,YJS1332,ACF,E,E15,A,M1_A,C08,3,8
M1,5,17,CLIB413_1b,YJS1333,ACG,E,E17,A,M1_A,C09,3,9
M1,5,19,CLIB483_1b,YJS1334,ACH,E,E19,A,M1_A,C10,3,10
M1,5,21,Y10_1b,YJS1335,ACI,E,E21,A,M1_A,C11,3,11
M1,5,23,Y12_1b,YJS1336,ACK,E,E23,A,M1_A,C12,3,12
M1,7,1,Y3_1b,YJS1337,ACL,G,G01,A,M1_A,D01,4,1
M1,7,3,Y9_4,YJS1338,ACM,G,G03,A,M1_A,D02,4,2
M1,7,5,YJM269_1b,YJS1339,ACN,G,G05,A,M1_A,D03,4,3
M1,7,7,,FY4,FY4,G,G07,A,M1_A,D04,4,4
M1,7,9,CLIB154_1b,YJS1340,ACP,G,G09,A,M1_A,D05,4,5
M1,7,11,CLIB219_2b,YJS1341,ACQ,G,G11,A,M1_A,D06,4,6
M1,7,13,DBVPG1339_1b,YJS1342,ACR,G,G13,A,M1_A,D07,4,7
M1,7,15,I14_1b,YJS1343,ACS,G,G15,A,M1_A,D08,4,8
M1,7,17,UC8_1b,YJS1344,ACT,G,G17,A,M1_A,D09,4,9
M1,7,19,WE372_1b,YJS1345,ACV,G,G19,A,M1_A,D10,4,10
M1,7,21,Y55_1b,YJS1346,ADA,G,G21,A,M1_A,D11,4,11
M1,7,23,Y9J_1b,YJS1347,ADB,G,G23,A,M1_A,D12,4,12
M1,9,1,UC1_1b,YJS1348,ADC,I,I01,A,M1_A,E01,5,1
M1,9,3,IL_01_b,YJS1349,ADD,I,I03,A,M1_A,E02,5,2
M1,9,5,PW5_b,YJS1350,ADE,I,I05,A,M1_A,E03,5,3
M1,9,7,YPS1009_b,YJS1351,ADF,I,I07,A,M1_A,E04,5,4
M1,9,9,,FY4,FY4,I,I09,A,M1_A,E05,5,5
M1,9,11,NC_02_b,YJS1352,ADG,I,I11,A,M1_A,E06,5,6
M1,9,13,T7_b,YJS1353,ADH,I,I13,A,M1_A,E07,5,7
M1,9,15,YJM981_b,YJS1354,ADI,I,I15,A,M1_A,E08,5,8
M1,9,17,K1_1,YJS1358,ADN,I,I17,A,M1_A,E09,5,9
M1,9,19,K12_2,YJS1360,ADQ,I,I19,A,M1_A,E10,5,10
M1,9,21,M22_1b,YJS1361,ADR,I,I21,A,M1_A,E11,5,11
M1,9,23,CBS422a,YJS2903,AAB,I,I23,A,M1_A,E12,5,12
M1,11,1,CBS7765,YJS2944,ADT,K,K01,A,M1_A,F01,6,1
M1,11,3,CBS7903,YJS2945,ADV,K,K03,A,M1_A,F02,6,2
M1,11,5,CBS7958,YJS2947,AEA,K,K05,A,M1_A,F03,6,3
M1,11,7,CBS6414,YJS3120,AEF,K,K07,A,M1_A,F04,6,4
M1,11,9,CBS7962,YJS3300,AEG,K,K09,A,M1_A,F05,6,5
M1,11,11,,FY4,FY4,K,K11,A,M1_A,F06,6,6
M1,11,13,CBS7964,YJS3302,AEH,K,K13,A,M1_A,F07,6,7
M1,11,15,CBS1428,YJS3304,AEI,K,K15,A,M1_A,F08,6,8
M1,11,17,CBS2806a,YJS3315,AAE,K,K17,A,M1_A,F09,6,9
M1,11,19,CBS4079,YJS3316,AEK,K,K19,A,M1_A,F10,6,10
M1,11,21,CBS2973,YJS3318,AEM,K,K21,A,M1_A,F11,6,11
M1,11,23,CBS1782,YJS3321,AEQ,K,K23,A,M1_A,F12,6,12
M1,13,1,CBS2970,YJS3325,AER,M,M01,A,M1_A,G01,7,1
M1,13,3,CBS4054,YJS3327,AES,M,M03,A,M1_A,G02,7,2
M1,13,5,CBS6007,YJS3328,AET,M,M05,A,M1_A,G03,7,3
M1,13,7,CBS7371,YJS3333,AFB,M,M07,A,M1_A,G04,7,4
M1,13,9,CBS7960,YJS3336,AFD,M,M09,A,M1_A,G05,7,5
M1,13,11,CBS1252,YJS3339,AFF,M,M11,A,M1_A,G06,7,6
M1,13,13,,FY4,FY4,M,M13,A,M1_A,G07,7,7
M1,13,15,CBS1387,YJS3340,AFG,M,M15,A,M1_A,G08,7,8
M1,13,17,CBS1509,YJS3342,AFH,M,M17,A,M1_A,G09,7,9
M1,13,19,CBS2183,YJS3348,AFI,M,M19,A,M1_A,G10,7,10
M1,13,21,CBS4456,YJS3351,AFL,M,M21,A,M1_A,G11,7,11
M1,13,23,CBS6412,YJS3353,AFM,M,M23,A,M1_A,G12,7,12
M1,15,1,CBS6413,YJS3355,AFN,O,O01,A,M1_A,H01,8,1
M1,15,3,CBS7993,YJS3360,AFQ,O,O03,A,M1_A,H02,8,2
M1,15,5,CBS7959,YJS3362,AFR,O,O05,A,M1_A,H03,8,3
M1,15,7,CBS2444,YJS3369,AGC,O,O07,A,M1_A,H04,8,4
M1,15,9,CBS1479,YJS3376,AGF,O,O09,A,M1_A,H05,8,5
M1,15,11,CBS1582,YJS3379,AGH,O,O11,A,M1_A,H06,8,6
M1,15,13,CBS2361,YJS3387,AGK,O,O13,A,M1_A,H07,8,7
M1,15,15,,FY4,FY4,O,O15,A,M1_A,H08,8,8
M1,15,17,CBS4458,YJS3388,AGL,O,O17,A,M1_A,H09,8,9
M1,15,19,CBS7961,YJS3390,AGM,O,O19,A,M1_A,H10,8,10
M1,15,21,CBS439,YJS3394,AGN,O,O21,A,M1_A,H11,8,11
M1,15,23,CBS1544,YJS3396,AGP,O,O23,A,M1_A,H12,8,12
M1,1,2,,FY4,FY4,A,A02,B,M1_B,A01,1,1
M1,1,4,CBS1594,YJS3399,AGR,A,A04,B,M1_B,A02,1,2
M1,1,6,CBS3013,YJS3401,AGS,A,A06,B,M1_B,A03,1,3
M1,1,8,CBS3078,YJS3403,AGT,A,A08,B,M1_B,A04,1,4
M1,1,10,CBS6223,YJS3405,AGV,A,A10,B,M1_B,A05,1,5
M1,1,12,CBS6333,YJS3407,AHA,A,A12,B,M1_B,A06,1,6
M1,1,14,CBS4734,YJS3411,AHB,A,A14,B,M1_B,A07,1,7
M1,1,16,CBS7963,YJS3413,AHC,A,A16,B,M1_B,A08,1,8
M1,1,18,CBS428a,YJS3415,AAG,A,A18,B,M1_B,A09,1,9
M1,1,20,CBS1192,YJS3417,AHD,A,A20,B,M1_B,A10,1,10
M1,1,22,CBS1194,YJS3419,AHE,A,A22,B,M1_B,A11,1,11
M1,1,24,CBS1388a,YJS3422,AAH,A,A24,B,M1_B,A12,1,12
M1,3,2,CBS1540,YJS3424,AHF,C,C02,B,M1_B,B01,2,1
M1,3,4,,FY4,FY4,C,C04,B,M1_B,B02,2,2
M1,3,6,CBS1586,YJS3426,AHG,C,C06,B,M1_B,B03,2,3
M1,3,8,CBS2966a,YJS3430,AAI,C,C08,B,M1_B,B04,2,4
M1,3,10,CBS3000,YJS3432,AHH,C,C10,B,M1_B,B05,2,5
M1,3,12,CBS6914,YJS3436,AHI,C,C12,B,M1_B,B06,2,6
M1,3,14,CBS2247,YJS3439,AHK,C,C14,B,M1_B,B07,2,7
M1,3,16,CBS3081,YJS3440,AHL,C,C16,B,M1_B,B08,2,8
M1,3,18,CBS3093,YJS3442,AHM,C,C18,B,M1_B,B09,2,9
M1,3,20,CBS4093a,YJS3444,AAK,C,C20,B,M1_B,B10,2,10
M1,3,22,CBS5635,YJS3446,AHN,C,C22,B,M1_B,B11,2,11
M1,3,24,CBS440,YJS3450,AHQ,C,C24,B,M1_B,B12,2,12
M1,5,2,CBS1227,YJS3452,AHR,E,E02,B,M1_B,C01,3,1
M1,5,4,CBS1419,YJS3454,AHS,E,E04,B,M1_B,C02,3,2
M1,5,6,,FY4,FY4,E,E06,B,M1_B,C03,3,3
M1,5,8,CBS1460,YJS3455,AHT,E,E08,B,M1_B,C04,3,4
M1,5,10,CBS1487,YJS3457,AHV,E,E10,B,M1_B,C05,3,5
M1,5,12,CBS2180,YJS3458,AIA,E,E12,B,M1_B,C06,3,6
M1,5,14,CBS2805,YJS3460,AIB,E,E14,B,M1_B,C07,3,7
M1,5,16,CBS2807,YJS3461,AIC,E,E16,B,M1_B,C08,3,8
M1,5,18,CBS2910,YJS3467,AIE,E,E18,B,M1_B,C09,3,9
M1,5,20,CBS1463,YJS3470,AIG,E,E20,B,M1_B,C10,3,10
M1,5,22,VF8_(6),YJS4091,APG,E,E22,B,M1_B,C11,3,11
M1,5,24,HE015,YJS4529,BCN,E,E24,B,M1_B,C12,3,12
M1,7,2,DBVPG1126,YJS4625,BIQ,G,G02,B,M1_B,D01,4,1
M1,7,4,S8BM-32-4D(a),YJS4709,CDA,G,G04,B,M1_B,D02,4,2
M1,7,6,CCY_21-4-93:6B,YJS4718,CDK,G,G06,B,M1_B,D03,4,3
M1,7,8,,FY4,FY4,G,G08,B,M1_B,D04,4,4
M1,7,10,DBVPG1617-5A,YJS4728,CEA,G,G10,B,M1_B,D05,4,5
M1,7,12,DBVPG1619-4B,YJS4729,CEB,G,G12,B,M1_B,D06,4,6
M1,7,14,CCY_21-4-89:7-3,YJS4739,CEM,G,G14,B,M1_B,D07,4,7
M1,7,16,IFO_0289:4-3(b),YJS4746,CEV,G,G16,B,M1_B,D08,4,8
M1,7,18,DBVPG6350,YJS5588,BRL,G,G18,B,M1_B,D09,4,9
M1,7,20,DBVPG6590,YJS5589,BRM,G,G20,B,M1_B,D10,4,10
M1,7,22,SM.9.1.BL7,YJS5639,BVE,G,G22,B,M1_B,D11,4,11
M1,7,24,1,YJS5682,CBK,G,G24,B,M1_B,D12,4,12
M1,9,2,UC5,YJS5908,CLQ,I,I02,B,M1_B,E01,5,1
M1,9,4,Y1,YJS135,ATB,I,I04,B,M1_B,E02,5,2
M1,9,6,CLIB409,YJS554,ASM,I,I06,B,M1_B,E03,5,3
M1,9,8,DBVPG6861,YJS1326,ABV,I,I08,B,M1_B,E04,5,4
M1,9,10,,FY4,FY4,I,I10,B,M1_B,E05,5,5
M1,9,12,CBS382,YJS2900,APP,I,I12,B,M1_B,E06,5,6
M1,9,14,CBS7957,YJS2946,AQH,I,I14,B,M1_B,E07,5,7
M1,9,16,CBS1230,YJS2994,AQT,I,I16,B,M1_B,E08,5,8
M1,9,18,CBS2246,YJS3062,ARN,I,I18,B,M1_B,E09,5,9
M1,9,20,CBS2441,YJS3070,AEE,I,I20,B,M1_B,E10,5,10
M1,9,22,CBS4092,YJS3091,ASA,I,I22,B,M1_B,E11,5,11
M1,9,24,CBS4455,YJS3094,ASC,I,I24,B,M1_B,E12,5,12
M1,11,2,NPA05a1,YJS4013,AKC,K,K02,B,M1_B,F01,6,1
M1,11,4,NPA05b1,YJS4014,AKD,K,K04,B,M1_B,F02,6,2
M1,11,6,21-4-114,YJS4045,ALR,K,K06,B,M1_B,F03,6,3
M1,11,8,21-4-124,YJS4048,ALV,K,K08,B,M1_B,F04,6,4
M1,11,10,21-4-125,YJS4049,AMA,K,K10,B,M1_B,F05,6,5
M1,11,12,,FY4,FY4,K,K12,B,M1_B,F06,6,6
M1,11,14,SJ7L01,YJS4055,AMG,K,K14,B,M1_B,F07,6,7
M1,11,16,SJ1L04,YJS4057,AMI,K,K16,B,M1_B,F08,6,8
M1,11,18,SJ6L01,YJS4058,AMK,K,K18,B,M1_B,F09,6,9
M1,11,20,SJ5L11,YJS4059,AML,K,K20,B,M1_B,F10,6,10
M1,11,22,YS10(E),YJS4094,APK,K,K22,B,M1_B,F11,6,11
M1,11,24,DJ65,YJS4501,AVV,K,K24,B,M1_B,F12,6,12
M1,13,2,YS19,YJS4508,APN,M,M02,B,M1_B,G01,7,1
M1,13,4,DJ66,YJS4509,BAA,M,M04,B,M1_B,G02,7,2
M1,13,6,2281,YJS4512,BBT,M,M06,B,M1_B,G03,7,3
M1,13,8,DJ68,YJS4517,BAB,M,M08,B,M1_B,G04,7,4
M1,13,10,#14,YJS4522,BDE,M,M10,B,M1_B,G05,7,5
M1,13,12,DJ70,YJS4525,BAC,M,M12,B,M1_B,G06,7,6
M1,13,14,,FY4,FY4,M,M14,B,M1_B,G07,7,7
M1,13,16,DJ71,YJS4533,BAD,M,M16,B,M1_B,G08,7,8
M1,13,18,DJ73,YJS4541,BAE,M,M18,B,M1_B,G09,7,9
M1,13,20,CCY_21-4-88,YJS4582,BBC,M,M20,B,M1_B,G10,7,10
M1,13,22,CLIB650,YJS4604,BEI,M,M22,B,M1_B,G11,7,11
M1,13,24,CLIB654,YJS4636,BEN,M,M24,B,M1_B,G12,7,12
M1,15,2,CLIB655,YJS4646,BHA,O,O02,B,M1_B,H01,8,1
M1,15,4,VNL3,YJS5202,CGH,O,O04,B,M1_B,H02,8,2
M1,15,6,368428S,YJS5506,BME,O,O06,B,M1_B,H03,8,3
M1,15,8,NCYC_2925,YJS5508,BMG,O,O08,B,M1_B,H04,8,4
M1,15,10,DBVPG1085,YJS5523,BNG,O,O10,B,M1_B,H05,8,5
M1,15,12,DBVPG1919,YJS5555,BPR,O,O12,B,M1_B,H06,8,6
M1,15,14,DBVPG5836,YJS5584,BRG,O,O14,B,M1_B,H07,8,7
M1,15,16,,FY4,FY4,O,O16,B,M1_B,H08,8,8
M1,15,18,NCYC_2798,YJS5616,BTA,O,O18,B,M1_B,H09,8,9
M1,15,20,77,YJS5617,BTB,O,O20,B,M1_B,H10,8,10
M1,15,22,CLQCA_17-111,YJS5693,CRE,O,O22,B,M1_B,H11,8,11
M1,15,24,Ponton 13,YJS5847,CIE,O,O24,B,M1_B,H12,8,12
M1,2,1,,FY4,FY4,B,B01,C,M1_C,A01,1,1
M1,2,3,RIB6002,YJS5919,CMG,B,B03,C,M1_C,A02,1,2
M1,2,5,FTPW4,YJS5967,CPS,B,B05,C,M1_C,A03,1,3
M1,2,7,SJ5L15,YJS5988,AMQ,B,B07,C,M1_C,A04,1,4
M1,2,9,CECT1462,YJS458,ATV,B,B09,C,M1_C,A05,1,5
M1,2,11,CLIB227,YJS510,ASH,B,B11,C,M1_C,A06,1,6
M1,2,13,CBS1171,YJS2957,AEB,B,B13,C,M1_C,A07,1,7
M1,2,15,CBS1239,YJS2997,ARA,B,B15,C,M1_C,A08,1,8
M1,2,17,CBS1254,YJS3002,ARB,B,B17,C,M1_C,A09,1,9
M1,2,19,CBS1464,YJS3364,AFT,B,B19,C,M1_C,A10,1,10
M1,2,21,A-6,YJS4076,ANL,B,B21,C,M1_C,A11,1,11
M1,2,23,A-18,YJS4077,ANM,B,B23,C,M1_C,A12,1,12
M1,4,1,EXF-5734,YJS4416,BFE,D,D01,C,M1_C,B01,2,1
M1,4,3,,FY4,FY4,D,D03,C,M1_C,B02,2,2
M1,4,5,EXF-5869,YJS4418,BFG,D,D05,C,M1_C,B03,2,3
M1,4,7,EXF-6835,YJS4427,BFM,D,D07,C,M1_C,B04,2,4
M1,4,9,CCY_21-4-106,YJS4519,BBG,D,D09,C,M1_C,B05,2,5
M1,4,11,CH02,YJS4548,AVN,D,D11,C,M1_C,B06,2,6
M1,4,13,#23,YJS4553,BCR,D,D13,C,M1_C,B07,2,7
M1,4,15,CLIB651,YJS4612,BEK,D,D15,C,M1_C,B08,2,8
M1,4,17,CLIB653,YJS4628,BEM,D,D17,C,M1_C,B09,2,9
M1,4,19,WLP530,YJS4800,CFC,D,D19,C,M1_C,B10,2,10
M1,4,21,WLP001,YJS4801,CFD,D,D21,C,M1_C,B11,2,11
M1,4,23,Safale_S40,YJS4804,CFG,D,D23,C,M1_C,B12,2,12
M1,6,1,WLP039,YJS4805,CFH,F,F01,C,M1_C,C01,3,1
M1,6,3,WLP013,YJS4806,CFI,F,F03,C,M1_C,C02,3,2
M1,6,5,,FY4,FY4,F,F05,C,M1_C,C03,3,3
M1,6,7,WLP090,YJS4809,CFM,F,F07,C,M1_C,C04,3,4
M1,6,9,WLP006,YJS4810,CFN,F,F09,C,M1_C,C05,3,5
M1,6,11,WLP565,YJS4811,CFP,F,F11,C,M1_C,C06,3,6
M1,6,13,UCD_40-255,YJS4965,CFS,F,F13,C,M1_C,C07,3,7
M1,6,15,UCD_06-645,YJS4970,CGC,F,F15,C,M1_C,C08,3,8
M1,6,17,NCYC_2780,YJS5512,BML,F,F17,C,M1_C,C09,3,9
M1,6,19,2680,YJS5524,BMM,F,F19,C,M1_C,C10,3,10
M1,6,21,DBVPG6694,YJS5591,BRP,F,F21,C,M1_C,C11,3,11
M1,6,23,DBVPG6695,YJS5592,BRQ,F,F23,C,M1_C,C12,3,12
M1,8,1,DBVPG6693,YJS5605,BSI,H,H01,C,M1_C,D01,4,1
M1,8,3,YS5(E),YJS5619,BTD,H,H03,C,M1_C,D02,4,2
M1,8,5,YS8(E),YJS5620,BTE,H,H05,C,M1_C,D03,4,3
M1,8,7,,FY4,FY4,H,H07,C,M1_C,D04,4,4
M1,8,9,SD-15,YJS5678,CBF,H,H09,C,M1_C,D05,4,5
M1,8,11,NCYC_1187,YJS5688,CBR,H,H11,C,M1_C,D06,4,6
M1,8,13,CLI_16,YJS5882,CKK,H,H13,C,M1_C,D07,4,7
M1,8,15,CLI_23,YJS5889,CKS,H,H15,C,M1_C,D08,4,8
M1,8,17,CLI_26,YJS5892,CLA,H,H17,C,M1_C,D09,4,9
M1,8,19,SJ5L13,YJS5986,AMN,H,H19,C,M1_C,D10,4,10
M1,8,21,CH06,YJS4556,AVP,H,H21,C,M1_C,D11,4,11
M1,8,23,CH11,YJS4564,AVR,H,H23,C,M1_C,D12,4,12
M1,10,1,CH10,YJS4572,AVQ,J,J01,C,M1_C,E01,5,1
M1,10,3,CH14,YJS4580,AVS,J,J03,C,M1_C,E02,5,2
M1,10,5,CH13,YJS4588,AVT,J,J05,C,M1_C,E03,5,3
M1,10,7,CBS1248,YJS2999,AEC,J,J07,C,M1_C,E04,5,4
M1,10,9,,FY4,FY4,J,J09,C,M1_C,E05,5,5
M1,12,11,,FY4,FY4,L,L11,C,M1_C,F06,6,6
M1,14,13,,FY4,FY4,N,N13,C,M1_C,G07,7,7
M1,16,15,,FY4,FY4,P,P15,C,M1_C,H08,8,8
M1,2,2,,FY4,FY4,B,B02,D,M1_D,A01,1,1
M1,2,4,RIB6007,YJS5924,CMM,B,B04,D,M1_D,A02,1,2
M1,2,6,RIB0007,YJS5925,CMN,B,B06,D,M1_D,A03,1,3
M1,2,8,YPS615,YJS5926,CMP,B,B08,D,M1_D,A04,1,4
M1,2,10,YPS617,YJS5927,CMQ,B,B10,D,M1_D,A05,1,5
M1,2,12,YPS670,YJS5929,CMS,B,B12,D,M1_D,A06,1,6
M1,2,14,SM.9.4.BR2,YJS5930,CMT,B,B14,D,M1_D,A07,1,7
M1,2,16,SM.8.2.C13,YJS5933,CNB,B,B16,D,M1_D,A08,1,8
M1,2,18,SM8.3.M5,YJS5934,CNC,B,B18,D,M1_D,A09,1,9
M1,2,20,SM.8.7.L8,YJS5936,CNE,B,B20,D,M1_D,A10,1,10
M1,2,22,SM.8.7.L9,YJS5937,CNF,B,B22,D,M1_D,A11,1,11
M1,2,24,SM.8.7.BR1,YJS5938,CNG,B,B24,D,M1_D,A12,1,12
M1,4,2,SM.8.8.BL1,YJS5939,CNH,D,D02,D,M1_D,B01,2,1
M1,4,4,,FY4,FY4,D,D04,D,M1_D,B02,2,2
M1,4,6,SM.8.8.CVR1,YJS5940,CNI,D,D06,D,M1_D,B03,2,3
M1,4,8,SA.1.5.,YJS5941,CNK,D,D08,D,M1_D,B04,2,4
M1,4,10,SA.9.2.BL3,YJS5942,CNL,D,D10,D,M1_D,B05,2,5
M1,4,12,SA.9.3.VR1,YJS5943,CNM,D,D12,D,M1_D,B06,2,6
M1,4,14,SA.9.4.VL4,YJS5944,CNN,D,D14,D,M1_D,B07,2,7
M1,4,16,SA.9.4.BR2,YJS5945,CNP,D,D16,D,M1_D,B08,2,8
M1,4,18,SA.10.1.VL1,YJS5946,CNQ,D,D18,D,M1_D,B09,2,9
M1,4,20,SA.10.1.VR4,YJS5947,CNR,D,D20,D,M1_D,B10,2,10
M1,4,22,RP11.4.1,YJS5948,CNS,D,D22,D,M1_D,B11,2,11
M1,4,24,RP11.4.11,YJS5949,CNT,D,D24,D,M1_D,B12,2,12
M1,6,2,RP11.4.14,YJS5950,CNV,F,F02,D,M1_D,C01,3,1
M1,6,4,906,YJS5951,CPA,F,F04,D,M1_D,C02,3,2
M1,6,6,,FY4,FY4,F,F06,D,M1_D,C03,3,3
M1,6,8,995,YJS5952,CPB,F,F08,D,M1_D,C04,3,4
M1,6,10,997,YJS5953,CPC,F,F10,D,M1_D,C05,3,5
M1,6,12,1175,YJS5954,CPD,F,F12,D,M1_D,C06,3,6
M1,6,14,1216,YJS5955,CPE,F,F14,D,M1_D,C07,3,7
M1,6,16,1235,YJS5956,CPF,F,F16,D,M1_D,C08,3,8
M1,6,18,1560,YJS5957,CPG,F,F18,D,M1_D,C09,3,9
M1,6,20,LCBG-3D6,YJS5959,CPI,F,F20,D,M1_D,C10,3,10
M1,6,22,LCBG-Mosca3,YJS5960,CPK,F,F22,D,M1_D,C11,3,11
M1,6,24,LCBG-4Y3,YJS5961,CPL,F,F24,D,M1_D,C12,3,12
M1,8,2,LCBG-3D2,YJS5962,CPM,H,H02,D,M1_D,D01,4,1
M1,8,4,LCBG-3Y3,YJS5963,CPN,H,H04,D,M1_D,D02,4,2
M1,8,6,LCBG-3D4,YJS5965,CPQ,H,H06,D,M1_D,D03,4,3
M1,8,8,,FY4,FY4,H,H08,D,M1_D,D04,4,4
M1,8,10,LCBG-3Y8,YJS5966,CPR,H,H10,D,M1_D,D05,4,5
M1,8,12,FTPW3,YJS5968,CPT,H,H12,D,M1_D,D06,4,6
M1,8,14,FTPW32,YJS5970,CQA,H,H14,D,M1_D,D07,4,7
M1,8,16,FTPW35,YJS5971,CQB,H,H16,D,M1_D,D08,4,8
M1,8,18,MTF2546,YJS5972,CQC,H,H18,D,M1_D,D09,4,9
M1,8,20,MTF2547,YJS5973,CQD,H,H20,D,M1_D,D10,4,10
M1,8,22,MTF2548,YJS5974,CQE,H,H22,D,M1_D,D11,4,11
M1,8,24,MTF2549,YJS5975,CQF,H,H24,D,M1_D,D12,4,12
M1,10,2,MTF2550,YJS5976,CQG,J,J02,D,M1_D,E01,5,1
M1,10,4,MTF2551,YJS5977,CQH,J,J04,D,M1_D,E02,5,2
M1,10,6,MTF2552,YJS5978,CQI,J,J06,D,M1_D,E03,5,3
M1,10,8,MTF2553,YJS5979,CQK,J,J08,D,M1_D,E04,5,4
M1,10,10,,FY4,FY4,J,J10,D,M1_D,E05,5,5
M1,10,12,MTF2554,YJS5980,CQL,J,J12,D,M1_D,E06,5,6
M1,10,14,MTF2555,YJS5981,CQM,J,J14,D,M1_D,E07,5,7
M1,10,16,MTF2556,YJS5982,CQN,J,J16,D,M1_D,E08,5,8
M1,10,18,MTF2557,YJS5983,CQP,J,J18,D,M1_D,E09,5,9
M1,10,20,RIB1006,YJS5984,CQQ,J,J20,D,M1_D,E10,5,10
M1,10,22,RIB1007,YJS5985,CQR,J,J22,D,M1_D,E11,5,11
M1,10,24,SJ5L14,YJS5987,AMP,J,J24,D,M1_D,E12,5,12
M1,12,6,M1.1,YJS5991,APH,L,L06,D,M1_D,F03,6,3
M1,12,10,YJM1208,YJS6901,SACE_YBM,L,L10,D,M1_D,F05,6,5
M1,12,12,,FY4,FY4,L,L12,D,M1_D,F06,6,6
M1,12,14,YJM1242,YJS6902,SACE_YBN,L,L14,D,M1_D,F07,6,7
M1,12,16,YJM1244,YJS6903,SACE_YBO,L,L16,D,M1_D,F08,6,8
M1,12,18,YJM1248,YJS6904,SACE_YBP,L,L18,D,M1_D,F09,6,9
M1,12,20,YJM1388,YJS6905,SACE_YCJ,L,L20,D,M1_D,F10,6,10
M1,12,22,YJM1433,YJS6906,SACE_YCT,L,L22,D,M1_D,F11,6,11
M1,12,24,YJM1434,YJS6907,SACE_YCU,L,L24,D,M1_D,F12,6,12
M1,14,2,YJM1439,YJS6908,SACE_YCV,N,N02,D,M1_D,G01,7,1
M1,14,14,,FY4,FY4,N,N14,D,M1_D,G07,7,7
M1,14,16,YJM1463,YJS6914,SACE_YDB,N,N16,D,M1_D,G08,7,8
M1,14,18,YJM1477,YJS6915,SACE_YDC,N,N18,D,M1_D,G09,7,9
M1,14,20,YJM1478,YJS6916,SACE_YDD,N,N20,D,M1_D,G10,7,10
M1,14,22,YJM1479,YJS6917,SACE_YDE,N,N22,D,M1_D,G11,7,11
M1,14,24,YJM1526,YJS6918,SACE_YDF,N,N24,D,M1_D,G12,7,12
M1,16,4,YJM1549,YJS6920,SACE_YDH,P,P04,D,M1_D,H02,8,2
M1,16,6,YJM1573,YJS6921,SACE_YDI,P,P06,D,M1_D,H03,8,3
M1,16,8,YJM1574,YJS6922,SACE_YDJ,P,P08,D,M1_D,H04,8,4
M1,16,10,YJM1592,YJS6923,SACE_YDK,P,P10,D,M1_D,H05,8,5
M1,16,16,,FY4,FY4,P,P16,D,M1_D,H08,8,8
M2,1,1,,FY4,FY4,A,A01,A,M2_A,A01,1,1
M2,1,3,B1,YJS100,ASP,A,A03,A,M2_A,A02,1,2
M2,1,5,M1,YJS113,ASR,A,A05,A,M2_A,A03,1,3
M2,1,7,M5,YJS114,ASS,A,A07,A,M2_A,A04,1,4
M2,1,9,M6,YJS115,AST,A,A09,A,M2_A,A05,1,5
M2,1,11,M9,YJS116,ASV,A,A11,A,M2_A,A06,1,6
M2,1,13,PR,YJS123,ATA,A,A13,A,M2_A,A07,1,7
M2,1,15,YJM308,YJS150,ATC,A,A15,A,M2_A,A08,1,8
M2,1,17,YJM339,YJS151,ATD,A,A17,A,M2_A,A09,1,9
M2,1,19,YJM627,YJS167,ATE,A,A19,A,M2_A,A10,1,10
M2,1,21,UC4,YJS198,ATH,A,A21,A,M2_A,A11,1,11
M2,1,23,UC10,YJS208,ATM,A,A23,A,M2_A,A12,1,12
M2,3,1,Y4,YJS213,ATN,C,C01,A,M2_A,B01,2,1
M2,3,3,,FY4,FY4,C,C03,A,M2_A,B02,2,2
M2,3,5,Y5,YJS216,ATP,C,C05,A,M2_A,B03,2,3
M2,3,7,YJM1419,YJS254,SACE_YCS,C,C07,A,M2_A,B04,2,4
M2,3,9,CECT10497,YJS451,ATQ,C,C09,A,M2_A,B05,2,5
M2,3,11,CECT10120,YJS454,ATR,C,C11,A,M2_A,B06,2,6
M2,3,13,CECT10131,YJS456,ATS,C,C13,A,M2_A,B07,2,7
M2,3,15,CECT10711,YJS470,AVC,C,C15,A,M2_A,B08,2,8
M2,3,17,CECT10712,YJS471,AVD,C,C17,A,M2_A,B09,2,9
M2,3,19,CECT1478,YJS475,AVH,C,C19,A,M2_A,B10,2,10
M2,3,21,CLIB340,YJS552,ASL,C,C21,A,M2_A,B11,2,11
M2,3,23,CLIB630,YJS555,ASN,C,C23,A,M2_A,B12,2,12
M2,5,1,YJM978,YJS678,SACE_YBB,E,E01,A,M2_A,C01,3,1
M2,5,3,YJM975,YJS680,SACE_YBA,E,E03,A,M2_A,C02,3,2
M2,5,5,,FY4,FY4,E,E05,A,M2_A,C03,3,3
M2,5,7,CLIB274_1,YJS1301,AAN,E,E07,A,M2_A,C04,3,4
M2,5,9,CLIB326_1,YJS1302,AAP,E,E09,A,M2_A,C05,3,5
M2,5,11,YJM428_1b,YJS1311,ABD,E,E11,A,M2_A,C06,3,6
M2,5,13,CLIB208_1,YJS1355,ADK,E,E13,A,M2_A,C07,3,7
M2,5,15,CLIB318_1,YJS1356,ADL,E,E15,A,M2_A,C08,3,8
M2,5,17,CLIB324_2,YJS1357,ADM,E,E17,A,M2_A,C09,3,9
M2,5,19,Y6_b,YJS1359,ADP,E,E19,A,M2_A,C10,3,10
M2,5,21,T73_1b,YJS1362,ADS,E,E21,A,M2_A,C11,3,11
M2,5,23,W303,YJS2504,SACE_GAV,E,E23,A,M2_A,C12,3,12
M2,7,1,SK1,YJS2507,SACE_GAL,G,G01,A,M2_A,D01,4,1
M2,7,3,L1528,YJS2509,SACE_GAP,G,G03,A,M2_A,D02,4,2
M2,7,5,UWOPS83-787_3,YJS2513,SACE_GAS,G,G05,A,M2_A,D03,4,3
M2,7,7,,FY4,FY4,G,G07,A,M2_A,D04,4,4
M2,7,9,UWOPS87-2421,YJS2514,SACE_GAT,G,G09,A,M2_A,D05,4,5
M2,7,11,UWOPS05_227_2,YJS2517,SACE_MAL,G,G11,A,M2_A,D06,4,6
M2,7,13,378604X,YJS2519,SACE_MAB,G,G13,A,M2_A,D07,4,7
M2,7,15,273614N,YJS2520,SACE_MAA,G,G15,A,M2_A,D08,4,8
M2,7,17,CBS400,YJS2901,APQ,G,G17,A,M2_A,D09,4,9
M2,7,19,CBS403,YJS2902,APR,G,G19,A,M2_A,D10,4,10
M2,7,21,CBS423,YJS2904,APS,G,G21,A,M2_A,D11,4,11
M2,7,23,CBS459,YJS2906,APT,G,G23,A,M2_A,D12,4,12
M2,9,1,CBS1250,YJS2907,APV,I,I01,A,M2_A,E01,5,1
M2,9,3,CBS4903,YJS2925,AQA,I,I03,A,M2_A,E02,5,2
M2,9,5,CBS5112,YJS2926,AQB,I,I05,A,M2_A,E03,5,3
M2,9,7,CBS5155,YJS2927,AQC,I,I07,A,M2_A,E04,5,4
M2,9,9,,FY4,FY4,I,I09,A,M2_A,E05,5,5
M2,9,11,CBS5378,YJS2928,AQD,I,I11,A,M2_A,E06,5,6
M2,9,13,CBS6006,YJS2931,AQE,I,I13,A,M2_A,E07,5,7
M2,9,15,CBS7539,YJS2941,AQG,I,I15,A,M2_A,E08,5,8
M2,9,17,CBS8292,YJS2956,AQI,I,I17,A,M2_A,E09,5,9
M2,9,19,CBS2165a,YJS2973,AAC,I,I19,A,M2_A,E10,5,10
M2,9,21,CBS420,YJS2974,AQM,I,I21,A,M2_A,E11,5,11
M2,9,23,CBS435,YJS2976,AQN,I,I23,A,M2_A,E12,5,12
M2,11,1,CBS436a,YJS2977,AAD,K,K01,A,M2_A,F01,6,1
M2,11,3,CBS462,YJS2981,AQP,K,K03,A,M2_A,F02,6,2
M2,11,5,CBS1175,YJS2983,AQQ,K,K05,A,M2_A,F03,6,3
M2,11,7,CBS1190,YJS2985,AQR,K,K07,A,M2_A,F04,6,4
M2,11,9,CBS1196,YJS2990,AQS,K,K09,A,M2_A,F05,6,5
M2,11,11,,FY4,FY4,K,K11,A,M2_A,F06,6,6
M2,11,13,CBS1257,YJS3004,ARC,K,K13,A,M2_A,F07,6,7
M2,11,15,CBS1398,YJS3016,ARE,K,K15,A,M2_A,F08,6,8
M2,11,17,CBS1576,YJS3031,ARG,K,K17,A,M2_A,F09,6,9
M2,11,19,CBS1592,YJS3036,ARH,K,K19,A,M2_A,F10,6,10
M2,11,21,CBS1593,YJS3037,ARI,K,K21,A,M2_A,F11,6,11
M2,11,23,CBS1602,YJS3039,ARK,K,K23,A,M2_A,F12,6,12
M2,13,1,CBS2087,YJS3051,ARL,M,M01,A,M2_A,G01,7,1
M2,13,3,CBS2188,YJS3060,ARM,M,M03,A,M2_A,G02,7,2
M2,13,5,CBS2270,YJS3063,ARP,M,M05,A,M2_A,G03,7,3
M2,13,7,CBS2271,YJS3064,ARQ,M,M07,A,M2_A,G04,7,4
M2,13,9,CBS2272,YJS3065,ARR,M,M09,A,M2_A,G05,7,5
M2,13,11,CBS2421,YJS3069,ARS,M,M11,A,M2_A,G06,7,6
M2,13,13,,FY4,FY4,M,M13,A,M2_A,G07,7,7
M2,13,15,CBS2808,YJS3075,ART,M,M15,A,M2_A,G08,7,8
M2,13,17,CBS2965,YJS3079,ARV,M,M17,A,M2_A,G09,7,9
M2,13,19,CBS4255,YJS3092,ASB,M,M19,A,M2_A,G10,7,10
M2,13,21,CBS4507,YJS3097,ASD,M,M21,A,M2_A,G11,7,11
M2,13,23,CBS4667,YJS3098,ASE,M,M23,A,M2_A,G12,7,12
M2,15,1,CBS1489,YJS3134,ASG,O,O01,A,M2_A,H01,8,1
M2,15,3,CBS1394,YJS3317,AEL,O,O03,A,M2_A,H02,8,2
M2,15,5,CBS4454,YJS3319,AEN,O,O05,A,M2_A,H03,8,3
M2,15,7,CBS1508,YJS3320,AEP,O,O07,A,M2_A,H04,8,4
M2,15,9,CBS6216,YJS3329,AEV,O,O09,A,M2_A,H05,8,5
M2,15,11,CBS6503,YJS3331,AFA,O,O11,A,M2_A,H06,8,6
M2,15,13,CBS7764,YJS3334,AFC,O,O13,A,M2_A,H07,8,7
M2,15,15,,FY4,FY4,O,O15,A,M2_A,H08,8,8
M2,15,17,CBS8291,YJS3337,AFE,O,O17,A,M2_A,H09,8,9
M2,15,19,CBS1236-a,YJS3338,AAL,O,O19,A,M2_A,H10,8,10
M2,15,21,CBS2992,YJS3350,AFK,O,O21,A,M2_A,H11,8,11
M2,15,23,CBS6505,YJS3356,AFP,O,O23,A,M2_A,H12,8,12
M2,1,2,,FY4,FY4,A,A02,B,M2_B,A01,1,1
M2,1,4,CBS1173,YJS3363,AFS,A,A04,B,M2_B,A02,1,2
M2,1,6,CBS2814,YJS3365,AFV,A,A06,B,M2_B,A03,1,3
M2,1,8,CBS3012,YJS3366,AGA,A,A08,B,M2_B,A04,1,4
M2,1,10,CBS6308,YJS3367,AGB,A,A10,B,M2_B,A05,1,5
M2,1,12,CBS1385,YJS3373,AGE,A,A12,B,M2_B,A06,1,6
M2,1,14,CBS1480,YJS3378,AGG,A,A14,B,M2_B,A07,1,7
M2,1,16,CBS1590,YJS3381,AGI,A,A16,B,M2_B,A08,1,8
M2,1,18,CBS5835,YJS3448,AHP,A,A18,B,M2_B,A09,1,9
M2,1,20,CBS2909,YJS3463,AID,A,A20,B,M2_B,A10,1,10
M2,1,22,CBS457,YJS3469,AIF,A,A22,B,M2_B,A11,1,11
M2,1,24,C6.1,YJS4000,AII,A,A24,B,M2_B,A12,1,12
M2,3,2,C15.1,YJS4001,AIK,C,C02,B,M2_B,B01,2,1
M2,3,4,,FY4,FY4,C,C04,B,M2_B,B02,2,2
M2,3,6,C10.4,YJS4002,AIL,C,C06,B,M2_B,B03,2,3
M2,3,8,E4,YJS4003,AIM,C,C08,B,M2_B,B04,2,4
M2,3,10,MC5,YJS4004,AIN,C,C10,B,M2_B,B05,2,5
M2,3,12,MC6,YJS4005,AIP,C,C12,B,M2_B,B06,2,6
M2,3,14,MC7,YJS4006,AIQ,C,C14,B,M2_B,B07,2,7
M2,3,16,MC8,YJS4007,AIR,C,C16,B,M2_B,B08,2,8
M2,3,18,MC10,YJS4009,AIT,C,C18,B,M2_B,B09,2,9
M2,3,20,NPA07.1,YJS4012,AKB,C,C20,B,M2_B,B10,2,10
M2,3,22,NPA03.1,YJS4015,AKE,C,C22,B,M2_B,B11,2,11
M2,3,24,NPA06.1,YJS4017,AKG,C,C24,B,M2_B,B12,2,12
M2,5,2,NPA02-1,YJS4018,AKH,E,E02,B,M2_B,C01,3,1
M2,5,4,DBVPG6044,YJS4019,AKI,E,E04,B,M2_B,C02,3,2
M2,5,6,,FY4,FY4,E,E06,B,M2_B,C03,3,3
M2,5,8,K12,YJS4021,AKL,E,E08,B,M2_B,C04,3,4
M2,5,10,UWOPS03-461.4,YJS4022,AKM,E,E10,B,M2_B,C05,3,5
M2,5,12,YPS128,YJS4023,AKN,E,E12,B,M2_B,C06,3,6
M2,5,14,CLQCA_02-003,YJS4024,AKP,E,E14,B,M2_B,C07,3,7
M2,5,16,CLQCA_04-021,YJS4025,AKQ,E,E16,B,M2_B,C08,3,8
M2,5,18,CLQCA_05-006,YJS4026,AKR,E,E18,B,M2_B,C09,3,9
M2,5,20,CLQCA_09-001,YJS4027,AKS,E,E20,B,M2_B,C10,3,10
M2,5,22,CLQCA_10-003,YJS4028,AKT,E,E22,B,M2_B,C11,3,11
M2,5,24,CLQCA_10-027,YJS4029,AKV,E,E24,B,M2_B,C12,3,12
M2,7,2,CLQCA_10-619,YJS4030,ALA,G,G02,B,M2_B,D01,4,1
M2,7,4,CLQCA_10-620,YJS4031,ALB,G,G04,B,M2_B,D02,4,2
M2,7,6,CLQCA_11-024,YJS4032,ALC,G,G06,B,M2_B,D03,4,3
M2,7,8,,FY4,FY4,G,G08,B,M2_B,D04,4,4
M2,7,10,CLQCA_13-023,YJS4033,ALD,G,G10,B,M2_B,D05,4,5
M2,7,12,CLQCA_17-060,YJS4034,ALE,G,G12,B,M2_B,D06,4,6
M2,7,14,CLQCA_18-003,YJS4036,ALG,G,G14,B,M2_B,D07,4,7
M2,7,16,CLQCA_19-011,YJS4037,ALH,G,G16,B,M2_B,D08,4,8
M2,7,18,CLQCA_20-060,YJS4038,ALI,G,G18,B,M2_B,D09,4,9
M2,7,20,CLQCA_24SC-235,YJS4039,ALK,G,G20,B,M2_B,D10,4,10
M2,7,22,21/04/99,YJS4040,ALL,G,G22,B,M2_B,D11,4,11
M2,7,24,21-4-101,YJS4041,ALM,G,G24,B,M2_B,D12,4,12
M2,9,2,21-4-103,YJS4042,ALN,I,I02,B,M2_B,E01,5,1
M2,9,4,21-4-105,YJS4043,ALP,I,I04,B,M2_B,E02,5,2
M2,9,6,21-4-111,YJS4044,ALQ,I,I06,B,M2_B,E03,5,3
M2,9,8,21-4-116,YJS4046,ALS,I,I08,B,M2_B,E04,5,4
M2,9,10,,FY4,FY4,I,I10,B,M2_B,E05,5,5
M2,9,12,21-4-122,YJS4047,ALT,I,I12,B,M2_B,E06,5,6
M2,9,14,IY_03-5-30-1-1-1_(1),YJS4050,AMB,I,I14,B,M2_B,E07,5,7
M2,9,16,IY_03-5-26-5-1-1_(1),YJS4051,AMC,I,I16,B,M2_B,E08,5,8
M2,9,18,ES4M07,YJS4052,AMD,I,I18,B,M2_B,E09,5,9
M2,9,20,ES2M03,YJS4054,AMF,I,I20,B,M2_B,E10,5,10
M2,9,22,EN14S01,YJS4056,AMH,I,I22,B,M2_B,E11,5,11
M2,9,24,SJ5L12,YJS4060,AMM,I,I24,B,M2_B,E12,5,12
M2,11,2,SJ5L16,YJS4064,AMR,K,K02,B,M2_B,F01,6,1
M2,11,4,DBVPG6696,YJS4066,ANA,K,K04,B,M2_B,F02,6,2
M2,11,6,YPS129,YJS4068,ANC,K,K06,B,M2_B,F03,6,3
M2,11,8,YPS133,YJS4069,AND,K,K08,B,M2_B,F04,6,4
M2,11,10,YPS134,YJS4070,ANE,K,K10,B,M2_B,F05,6,5
M2,11,12,,FY4,FY4,K,K12,B,M2_B,F06,6,6
M2,11,14,YPS139,YJS4071,ANF,K,K14,B,M2_B,F07,6,7
M2,11,16,YPS141,YJS4072,ANG,K,K16,B,M2_B,F08,6,8
M2,11,18,YPS142,YJS4073,ANH,K,K18,B,M2_B,F09,6,9
M2,11,20,YPS143,YJS4074,ANI,K,K20,B,M2_B,F10,6,10
M2,11,22,YPS154,YJS4075,ANK,K,K22,B,M2_B,F11,6,11
M2,11,24,AY529516,YJS4078,ANN,K,K24,B,M2_B,F12,6,12
M2,13,2,UWOPS83-883-2,YJS4079,ANP,M,M02,B,M2_B,G01,7,1
M2,13,4,L-1191,YJS4080,ANQ,M,M04,B,M2_B,G02,7,2
M2,13,6,RIB0001,YJS4081,ANR,M,M06,B,M2_B,G03,7,3
M2,13,8,RIB0002,YJS4082,ANS,M,M08,B,M2_B,G04,7,4
M2,13,10,RIB0003,YJS4083,ANT,M,M10,B,M2_B,G05,7,5
M2,13,12,RIB0004,YJS4084,ANV,M,M12,B,M2_B,G06,7,6
M2,13,14,,FY4,FY4,M,M14,B,M2_B,G07,7,7
M2,13,16,RIB0005,YJS4085,APA,M,M16,B,M2_B,G08,7,8
M2,13,18,RIB1001,YJS4087,APC,M,M18,B,M2_B,G09,7,9
M2,13,20,RIB1002,YJS4088,APD,M,M20,B,M2_B,G10,7,10
M2,13,22,RIB1003,YJS4089,APE,M,M22,B,M2_B,G11,7,11
M2,13,24,RIB1004,YJS4090,APF,M,M24,B,M2_B,G12,7,12
M2,15,2,YS20,YJS4093,API,O,O02,B,M2_B,H01,8,1
M2,15,4,YS11(E),YJS4095,APL,O,O04,B,M2_B,H02,8,2
M2,15,6,STG_1,YJS4351,CLB,O,O06,B,M2_B,H03,8,3
M2,15,8,STG_2,YJS4352,CLC,O,O08,B,M2_B,H04,8,4
M2,15,10,STG_3,YJS4355,CLD,O,O10,B,M2_B,H05,8,5
M2,15,12,EXF-3387,YJS4401,BEP,O,O12,B,M2_B,H06,8,6
M2,15,14,EXF-4126,YJS4402,BEQ,O,O14,B,M2_B,H07,8,7
M2,15,16,,FY4,FY4,O,O16,B,M2_B,H08,8,8
M2,15,18,EXF-5042,YJS4404,BER,O,O18,B,M2_B,H09,8,9
M2,15,20,EXF-5046,YJS4406,BES,O,O20,B,M2_B,H10,8,10
M2,15,22,EXF-5247,YJS4407,BET,O,O22,B,M2_B,H11,8,11
M2,15,24,EXF-5248,YJS4408,BEV,O,O24,B,M2_B,H12,8,12
M2,2,1,,FY4,FY4,B,B01,C,M2_C,A01,1,1
M2,2,3,EXF-5284,YJS4409,BFA,B,B03,C,M2_C,A02,1,2
M2,2,5,EXF-5287,YJS4410,BFB,B,B05,C,M2_C,A03,1,3
M2,2,7,EXF-5295,YJS4412,BFC,B,B07,C,M2_C,A04,1,4
M2,2,9,EXF-5297,YJS4413,BFD,B,B09,C,M2_C,A05,1,5
M2,2,11,EXF-5871,YJS4420,BFH,B,B11,C,M2_C,A06,1,6
M2,2,13,EXF-6761,YJS4424,BFK,B,B13,C,M2_C,A07,1,7
M2,2,15,EXF-6780,YJS4425,BFL,B,B15,C,M2_C,A08,1,8
M2,2,17,EXF-7145,YJS4428,BFN,B,B17,C,M2_C,A09,1,9
M2,2,19,EXF-7197,YJS4429,BFP,B,B19,C,M2_C,A10,1,10
M2,2,21,YS15,YJS4500,APM,B,B21,C,M2_C,A11,1,11
M2,2,23,HN10,YJS4502,BAM,B,B23,C,M2_C,A12,1,12
M2,4,1,CCY_21-4-98,YJS4503,BBE,D,D01,C,M2_C,B01,2,1
M2,4,3,,FY4,FY4,D,D03,C,M2_C,B02,2,2
M2,4,5,2187,YJS4504,BBS,D,D05,C,M2_C,B03,2,3
M2,4,7,HE011,YJS4505,BCK,D,D07,C,M2_C,B04,2,4
M2,4,9,#36,YJS4506,BDC,D,D09,C,M2_C,B05,2,5
M2,4,11,CEY616,YJS4507,BDQ,D,D11,C,M2_C,B06,2,6
M2,4,13,HN15,YJS4510,BAN,D,D13,C,M2_C,B07,2,7
M2,4,15,CCY_21-4-102,YJS4511,BBF,D,D15,C,M2_C,B08,2,8
M2,4,17,HE012,YJS4513,BCL,D,D17,C,M2_C,B09,2,9
M2,4,19,#13,YJS4514,BDD,D,D19,C,M2_C,B10,2,10
M2,4,21,CEY617,YJS4515,BDR,D,D21,C,M2_C,B11,2,11
M2,4,23,YPS163,YJS4516,AVI,D,D23,C,M2_C,B12,2,12
M2,6,1,HN16,YJS4518,BAP,F,F01,C,M2_C,C01,3,1
M2,6,3,2282,YJS4520,BBV,F,F03,C,M2_C,C02,3,2
M2,6,5,,FY4,FY4,F,F05,C,M2_C,C03,3,3
M2,6,7,HE013,YJS4521,BCM,F,F07,C,M2_C,C04,3,4
M2,6,9,CEY618,YJS4523,BDS,F,F09,C,M2_C,C05,3,5
M2,6,11,L-1194,YJS4524,AVK,F,F11,C,M2_C,C06,3,6
M2,6,13,HN19,YJS4526,BAQ,F,F13,C,M2_C,C07,3,7
M2,6,15,CCY_21-4-119,YJS4527,BBH,F,F15,C,M2_C,C08,3,8
M2,6,17,2644,YJS4528,BCA,F,F17,C,M2_C,C09,3,9
M2,6,19,#57,YJS4530,BDF,F,F19,C,M2_C,C10,3,10
M2,6,21,CEY619,YJS4531,BDT,F,F21,C,M2_C,C11,3,11
M2,6,23,RIB6008,YJS4532,AVL,F,F23,C,M2_C,C12,3,12
M2,8,1,PB56,YJS4534,BAR,H,H01,C,M2_C,D01,4,1
M2,8,3,CCY_21-4-120,YJS4535,BBI,H,H03,C,M2_C,D02,4,2
M2,8,5,HE001,YJS4536,BCB,H,H05,C,M2_C,D03,4,3
M2,8,7,,FY4,FY4,H,H07,C,M2_C,D04,4,4
M2,8,9,HE016,YJS4537,BCP,H,H09,C,M2_C,D05,4,5
M2,8,11,#58,YJS4538,BDG,H,H11,C,M2_C,D06,4,6
M2,8,13,CEY620,YJS4539,BDV,H,H13,C,M2_C,D07,4,7
M2,8,15,RIB6009,YJS4540,AVM,H,H15,C,M2_C,D08,4,8
M2,8,17,PB67,YJS4542,BAS,H,H17,C,M2_C,D09,4,9
M2,8,19,CCY_21-4-121,YJS4543,BBK,H,H19,C,M2_C,D10,4,10
M2,8,21,HE004,YJS4544,BCC,H,H21,C,M2_C,D11,4,11
M2,8,23,HE020,YJS4545,BCQ,H,H23,C,M2_C,D12,4,12
M2,10,1,#59,YJS4546,BDH,J,J01,C,M2_C,E01,5,1
M2,10,3,CEY621,YJS4547,BEA,J,J03,C,M2_C,E02,5,2
M2,10,5,DJ74,YJS4549,BAF,J,J05,C,M2_C,E03,5,3
M2,10,7,PB94,YJS4550,BAT,J,J07,C,M2_C,E04,5,4
M2,10,9,,FY4,FY4,J,J09,C,M2_C,E05,5,5
M2,10,11,IMB-53,YJS4551,BBL,J,J11,C,M2_C,E06,5,6
M2,10,13,HE005,YJS4552,BCD,J,J13,C,M2_C,E07,5,7
M2,10,15,#60,YJS4554,BDI,J,J15,C,M2_C,E08,5,8
M2,10,17,CEY622,YJS4555,BEB,J,J17,C,M2_C,E09,5,9
M2,10,19,SX1,YJS4557,BAG,J,J19,C,M2_C,E10,5,10
M2,10,21,PB137,YJS4558,BAV,J,J21,C,M2_C,E11,5,11
M2,10,23,908,YJS4559,BBM,J,J23,C,M2_C,E12,5,12
M2,12,1,HE006,YJS4560,BCE,L,L01,C,M2_C,F01,6,1
M2,12,3,#03,YJS4561,BCS,L,L03,C,M2_C,F02,6,2
M2,12,5,#63,YJS4562,BDK,L,L05,C,M2_C,F03,6,3
M2,12,7,CEY623,YJS4563,BEC,L,L07,C,M2_C,F04,6,4
M2,12,9,SX3,YJS4565,BAH,L,L09,C,M2_C,F05,6,5
M2,12,11,,FY4,FY4,L,L11,C,M2_C,F06,6,6
M2,12,13,PB197,YJS4566,BBA,L,L13,C,M2_C,F07,6,7
M2,12,15,HE007,YJS4568,BCF,L,L15,C,M2_C,F08,6,8
M2,12,17,#05,YJS4569,BCT,L,L17,C,M2_C,F09,6,9
M2,12,19,CLQCA_10-386,YJS4570,BDL,L,L19,C,M2_C,F10,6,10
M2,12,21,CEY624,YJS4571,BED,L,L21,C,M2_C,F11,6,11
M2,12,23,BJ6,YJS4573,BAI,L,L23,C,M2_C,F12,6,12
M2,14,1,PB200,YJS4574,BBB,N,N01,C,M2_C,G01,7,1
M2,14,3,1663,YJS4575,BBP,N,N03,C,M2_C,G02,7,2
M2,14,5,HE008,YJS4576,BCG,N,N05,C,M2_C,G03,7,3
M2,14,7,#33,YJS4577,BCV,N,N07,C,M2_C,G04,7,4
M2,14,9,MAJ_A,YJS4578,BDM,N,N09,C,M2_C,G05,7,5
M2,14,11,CEY625,YJS4579,BEE,N,N11,C,M2_C,G06,7,6
M2,14,13,,FY4,FY4,N,N13,C,M2_C,G07,7,7
M2,14,15,BJ20,YJS4581,BAK,N,N15,C,M2_C,G08,7,8
M2,14,17,2162,YJS4583,BBQ,N,N17,C,M2_C,G09,7,9
M2,14,19,HE009,YJS4584,BCH,N,N19,C,M2_C,G10,7,10
M2,14,21,#34,YJS4585,BDA,N,N21,C,M2_C,G11,7,11
M2,14,23,MAJ_G,YJS4586,BDN,N,N23,C,M2_C,G12,7,12
M2,16,1,CLIB413,YJS4587,BEF,P,P01,C,M2_C,H01,8,1
M2,16,3,HN6,YJS4589,BAL,P,P03,C,M2_C,H02,8,2
M2,16,5,CCY_21-4-97,YJS4590,BBD,P,P05,C,M2_C,H03,8,3
M2,16,7,2163,YJS4591,BBR,P,P07,C,M2_C,H04,8,4
M2,16,9,HE010,YJS4592,BCI,P,P09,C,M2_C,H05,8,5
M2,16,11,#35,YJS4593,BDB,P,P11,C,M2_C,H06,8,6
M2,16,13,CEY615,YJS4594,BDP,P,P13,C,M2_C,H07,8,7
M2,16,15,,FY4,FY4,P,P15,C,M2_C,H08,8,8
M2,16,17,CLIB414,YJS4595,BEG,P,P17,C,M2_C,H09,8,9
M2,16,19,CLIB415,YJS4596,BEH,P,P19,C,M2_C,H10,8,10
M2,16,21,CLIB550,YJS4597,BGB,P,P21,C,M2_C,H11,8,11
M2,16,23,CLIB562,YJS4598,BGP,P,P23,C,M2_C,H12,8,12
M2,2,2,,FY4,FY4,B,B02,D,M2_D,A01,1,1
M2,2,4,CLIB1070,YJS4599,BHG,B,B04,D,M2_D,A02,1,2
M2,2,6,DBVPG1014,YJS4600,BHV,B,B06,D,M2_D,A03,1,3
M2,2,8,DBVPG1122,YJS4601,BIM,B,B08,D,M2_D,A04,1,4
M2,2,10,DBVPG1380,YJS4602,BKE,B,B10,D,M2_D,A05,1,5
M2,2,12,DBVPG1595,YJS4603,BKS,B,B12,D,M2_D,A06,1,6
M2,2,14,CLIB551,YJS4605,BGC,B,B14,D,M2_D,A07,1,7
M2,2,16,CLIB563,YJS4606,BGQ,B,B16,D,M2_D,A08,1,8
M2,2,18,CLIB1071,YJS4607,BHH,B,B18,D,M2_D,A09,1,9
M2,2,20,DBVPG1029,YJS4608,BIA,B,B20,D,M2_D,A10,1,10
M2,2,22,DBVPG1123,YJS4609,BIN,B,B22,D,M2_D,A11,1,11
M2,2,24,DBVPG1473,YJS4610,BKF,B,B24,D,M2_D,A12,1,12
M2,4,2,DBVPG1596,YJS4611,BKT,D,D02,D,M2_D,B01,2,1
M2,4,4,,FY4,FY4,D,D04,D,M2_D,B02,2,2
M2,4,6,CLIB552,YJS4613,BGD,D,D06,D,M2_D,B03,2,3
M2,4,8,CLIB564,YJS4614,BGR,D,D08,D,M2_D,B04,2,4
M2,4,10,CLIB1072,YJS4615,BHI,D,D10,D,M2_D,B05,2,5
M2,4,12,DBVPG1041,YJS4616,BIB,D,D12,D,M2_D,B06,2,6
M2,4,14,DBVPG1125,YJS4617,BIP,D,D14,D,M2_D,B07,2,7
M2,4,16,DBVPG1490,YJS4618,BKG,D,D16,D,M2_D,B08,2,8
M2,4,18,CLIB553,YJS4621,BGE,D,D18,D,M2_D,B09,2,9
M2,4,20,CLIB631,YJS4622,BGS,D,D20,D,M2_D,B10,2,10
M2,4,22,CLIB1077,YJS4623,BHK,D,D22,D,M2_D,B11,2,11
M2,4,24,DBVPG1056,YJS4624,BIC,D,D24,D,M2_D,B12,2,12
M2,6,2,DBVPG1523,YJS4626,BKH,F,F02,D,M2_D,C01,3,1
M2,6,4,DBVPG1599,YJS4627,BLA,F,F04,D,M2_D,C02,3,2
M2,6,6,,FY4,FY4,F,F06,D,M2_D,C03,3,3
M2,6,8,CLIB554,YJS4629,BGF,F,F08,D,M2_D,C04,3,4
M2,6,10,CLIB648,YJS4630,BGT,F,F10,D,M2_D,C05,3,5
M2,6,12,CLIB1082,YJS4631,BHL,F,F12,D,M2_D,C06,3,6
M2,6,14,DBVPG1058,YJS4632,BID,F,F14,D,M2_D,C07,3,7
M2,6,16,DBVPG1127,YJS4633,BIR,F,F16,D,M2_D,C08,3,8
M2,6,18,DBVPG1554,YJS4634,BKI,F,F18,D,M2_D,C09,3,9
M2,6,20,DBVPG1601,YJS4635,BLB,F,F20,D,M2_D,C10,3,10
M2,6,22,CLIB555,YJS4637,BGG,F,F22,D,M2_D,C11,3,11
M2,6,24,CLIB649,YJS4638,BGV,F,F24,D,M2_D,C12,3,12
M2,8,2,CLIB1085,YJS4639,BHM,H,H02,D,M2_D,D01,4,1
M2,8,4,DBVPG1074,YJS4640,BIE,H,H04,D,M2_D,D02,4,2
M2,8,6,DBVPG1129,YJS4641,BIS,H,H06,D,M2_D,D03,4,3
M2,8,8,,FY4,FY4,H,H08,D,M2_D,D04,4,4
M2,8,10,DBVPG1555,YJS4642,BKK,H,H10,D,M2_D,D05,4,5
M2,8,12,DBVPG1606,YJS4643,BLC,H,H12,D,M2_D,D06,4,6
M2,8,14,CLIB484,YJS4644,BFQ,H,H14,D,M2_D,D07,4,7
M2,8,16,CLIB556,YJS4645,BGH,H,H16,D,M2_D,D08,4,8
M2,8,18,CLIB1410,YJS4647,BHN,H,H18,D,M2_D,D09,4,9
M2,8,20,DBVPG1076,YJS4648,BIF,H,H20,D,M2_D,D10,4,10
M2,8,22,DBVPG1145,YJS4649,BIT,H,H22,D,M2_D,D11,4,11
M2,8,24,DBVPG1564,YJS4650,BKL,H,H24,D,M2_D,D12,4,12
M2,10,2,DBVPG1608,YJS4651,BLD,J,J02,D,M2_D,E01,5,1
M2,10,4,CLIB485,YJS4652,BFR,J,J04,D,M2_D,E02,5,2
M2,10,6,CLIB557,YJS4653,BGI,J,J06,D,M2_D,E03,5,3
M2,10,8,CLIB889,YJS4654,BHB,J,J08,D,M2_D,E04,5,4
M2,10,10,,FY4,FY4,J,J10,D,M2_D,E05,5,5
M2,10,12,CLIB1411,YJS4655,BHP,J,J12,D,M2_D,E06,5,6
M2,10,14,DBVPG1080,YJS4656,BIG,J,J14,D,M2_D,E07,5,7
M2,10,16,DBVPG1577,YJS4658,BKM,J,J16,D,M2_D,E08,5,8
M2,10,18,DBVPG1611,YJS4659,BLE,J,J18,D,M2_D,E09,5,9
M2,10,20,CLIB546,YJS4660,BFS,J,J20,D,M2_D,E10,5,10
M2,10,22,CLIB558,YJS4661,BGK,J,J22,D,M2_D,E11,5,11
M2,10,24,CLIB1040,YJS4662,BHC,J,J24,D,M2_D,E12,5,12
M2,12,2,CLIB1412,YJS4663,BHQ,L,L02,D,M2_D,F01,6,1
M2,12,4,DBVPG1105,YJS4664,BIH,L,L04,D,M2_D,F02,6,2
M2,12,6,DBVPG1163,YJS4665,BKA,L,L06,D,M2_D,F03,6,3
M2,12,8,DBVPG1580,YJS4666,BKN,L,L08,D,M2_D,F04,6,4
M2,12,10,DBVPG1615,YJS4667,BLF,L,L10,D,M2_D,F05,6,5
M2,12,12,,FY4,FY4,L,L12,D,M2_D,F06,6,6
M2,12,14,CLIB547,YJS4668,BFT,L,L14,D,M2_D,F07,6,7
M2,12,16,CLIB559,YJS4669,BGL,L,L16,D,M2_D,F08,6,8
M2,12,18,CLIB1059,YJS4670,BHD,L,L18,D,M2_D,F09,6,9
M2,12,20,CLIB1413,YJS4671,BHR,L,L20,D,M2_D,F10,6,10
M2,12,22,DBVPG1106,YJS4672,BII,L,L22,D,M2_D,F11,6,11
M2,12,24,DBVPG1581,YJS4674,BKP,L,L24,D,M2_D,F12,6,12
M2,14,2,DBVPG1625,YJS4675,BLG,N,N02,D,M2_D,G01,7,1
M2,14,4,CLIB548,YJS4676,BFV,N,N04,D,M2_D,G02,7,2
M2,14,6,CLIB560,YJS4677,BGM,N,N06,D,M2_D,G03,7,3
M2,14,8,CLIB1060,YJS4678,BHE,N,N08,D,M2_D,G04,7,4
M2,14,10,CLIB1414,YJS4679,BHS,N,N10,D,M2_D,G05,7,5
M2,14,12,DBVPG1107,YJS4680,BIK,N,N12,D,M2_D,G06,7,6
M2,14,14,,FY4,FY4,N,N14,D,M2_D,G07,7,7
M2,14,16,DBVPG1339,YJS4681,BKC,N,N16,D,M2_D,G08,7,8
M2,14,18,DBVPG1584,YJS4682,BKQ,N,N18,D,M2_D,G09,7,9
M2,14,20,DBVPG1626,YJS4683,BLH,N,N20,D,M2_D,G10,7,10
M2,14,22,CLIB549,YJS4684,BGA,N,N22,D,M2_D,G11,7,11
M2,14,24,CLIB561,YJS4685,BGN,N,N24,D,M2_D,G12,7,12
M2,16,2,CLIB1062,YJS4686,BHF,P,P02,D,M2_D,H01,8,1
M2,16,4,CLIB1083,YJS4687,BHT,P,P04,D,M2_D,H02,8,2
M2,16,6,DBVPG1108,YJS4688,BIL,P,P06,D,M2_D,H03,8,3
M2,16,8,DBVPG1374,YJS4689,BKD,P,P08,D,M2_D,H04,8,4
M2,16,10,DBVPG1594,YJS4690,BKR,P,P10,D,M2_D,H05,8,5
M2,16,12,DBVPG1629,YJS4691,BLI,P,P12,D,M2_D,H06,8,6
M2,16,14,DBVPG1631,YJS4692,BLK,P,P14,D,M2_D,H07,8,7
M2,16,16,,FY4,FY4,P,P16,D,M2_D,H08,8,8
M2,16,18,DBVPG1632,YJS4693,BLL,P,P18,D,M2_D,H09,8,9
M2,16,20,DBVPG1656,YJS4694,BLM,P,P20,D,M2_D,H10,8,10
M2,16,22,DBVPG1659,YJS4695,BLN,P,P22,D,M2_D,H11,8,11
M2,16,24,DBVPG1661,YJS4696,BLP,P,P24,D,M2_D,H12,8,12
M3,1,1,,FY4,FY4,A,A01,A,M3_A,A01,1,1
M3,1,3,DBVPG1669,YJS4697,BLQ,A,A03,A,M3_A,A02,1,2
M3,1,5,DBVPG1973,YJS4698,BLR,A,A05,A,M3_A,A03,1,3
M3,1,7,DBVPG1975,YJS4699,BLS,A,A07,A,M3_A,A04,1,4
M3,1,9,N19-1C,YJS4700,CCL,A,A09,A,M3_A,A05,1,5
M3,1,11,N493-2C,YJS4701,CCM,A,A11,A,M3_A,A06,1,6
M3,1,13,VKM_Y-504:S,YJS4702,CCN,A,A13,A,M3_A,A07,1,7
M3,1,15,IFO_0877:6-1,YJS4703,CCP,A,A15,A,M3_A,A08,1,8
M3,1,17,Ksc2-2B,YJS4704,CCQ,A,A17,A,M3_A,A09,1,9
M3,1,19,Ksc40-8A,YJS4705,CCR,A,A19,A,M3_A,A10,1,10
M3,1,21,Ksc73-2D,YJS4706,CCS,A,A21,A,M3_A,A11,1,11
M3,1,23,S11F3-6B,YJS4707,CCT,A,A23,A,M3_A,A12,1,12
M3,3,1,S8BM-30-2D,YJS4708,CCV,C,C01,A,M3_A,B01,2,1
M3,3,3,,FY4,FY4,C,C03,A,M3_A,B02,2,2
M3,3,5,ATCC_66348-1D,YJS4710,CDB,C,C05,A,M3_A,B03,2,3
M3,3,7,N37-1A,YJS4711,CDC,C,C07,A,M3_A,B04,2,4
M3,3,9,N38-4A,YJS4712,CDD,C,C09,A,M3_A,B05,2,5
M3,3,11,N39-7A,YJS4713,CDE,C,C11,A,M3_A,B06,2,6
M3,3,13,N22.00-5D,YJS4714,CDF,C,C13,A,M3_A,B07,2,7
M3,3,15,N3.00-7A,YJS4715,CDG,C,C15,A,M3_A,B08,2,8
M3,3,17,N159.01-2B,YJS4716,CDH,C,C17,A,M3_A,B09,2,9
M3,3,19,N163.01-5A,YJS4717,CDI,C,C19,A,M3_A,B10,2,10
M3,3,21,N51-1A,YJS4719,CDL,C,C21,A,M3_A,B11,2,11
M3,3,23,UFRJ_50613-2D(a),YJS4720,CDM,C,C23,A,M3_A,B12,2,12
M3,5,1,UCD_61-190-6A,YJS4721,CDN,E,E01,A,M3_A,C01,3,1
M3,5,3,N95-5-1A,YJS4722,CDP,E,E03,A,M3_A,C02,3,2
M3,5,5,,FY4,FY4,E,E05,A,M3_A,C03,3,3
M3,5,7,N95-6-1C,YJS4723,CDQ,E,E07,A,M3_A,C04,3,4
M3,5,9,CECT10331:9-1,YJS4724,CDR,E,E09,A,M3_A,C05,3,5
M3,5,11,CECT10351-1B,YJS4725,CDS,E,E11,A,M3_A,C06,3,6
M3,5,13,CECT10171-5B,YJS4726,CDT,E,E13,A,M3_A,C07,3,7
M3,5,15,DBVPG1616-1D,YJS4727,CDV,E,E15,A,M3_A,C08,3,8
M3,5,17,DBVPG1620-1A,YJS4730,CEC,E,E17,A,M3_A,C09,3,9
M3,5,19,DBVPG1621-5A,YJS4731,CED,E,E19,A,M3_A,C10,3,10
M3,5,21,DBVPG1622-8B,YJS4732,CEE,E,E21,A,M3_A,C11,3,11
M3,5,23,DBVPG1623-2A,YJS4733,CEF,E,E23,A,M3_A,C12,3,12
M3,7,1,EM14S01-3B,YJS4734,CEG,G,G01,A,M3_A,D01,4,1
M3,7,3,ES2M03-7A,YJS4735,CEH,G,G03,A,M3_A,D02,4,2
M3,7,5,GE14S01-7B,YJS4736,CEI,G,G05,A,M3_A,D03,4,3
M3,7,7,,FY4,FY4,G,G07,A,M3_A,D04,4,4
M3,7,9,JCM_2985-4B,YJS4737,CEK,G,G09,A,M3_A,D05,4,5
M3,7,11,JCM_3529-7B,YJS4738,CEL,G,G11,A,M3_A,D06,4,6
M3,7,13,ATCC_38618:2-2,YJS4740,CEN,G,G13,A,M3_A,D07,4,7
M3,7,15,ATCC_52922-1C,YJS4741,CEP,G,G15,A,M3_A,D08,4,8
M3,7,17,MUCL_30909-2C,YJS4742,CEQ,G,G17,A,M3_A,D09,4,9
M3,7,19,N34:2-4(a),YJS4743,CER,G,G19,A,M3_A,D10,4,10
M3,7,21,N26-1-10:7-5(a),YJS4744,CES,G,G21,A,M3_A,D11,4,11
M3,7,23,N134:7-1(a),YJS4745,CET,G,G23,A,M3_A,D12,4,12
M3,9,1,Dji2-2A(a),YJS4747,CFA,I,I01,A,M3_A,E01,5,1
M3,9,3,ho_SB,YJS4758,CFB,I,I03,A,M3_A,E02,5,2
M3,9,5,WLP099,YJS4802,CFE,I,I05,A,M3_A,E03,5,3
M3,9,7,WLP570,YJS4803,CFF,I,I07,A,M3_A,E04,5,4
M3,9,9,,FY4,FY4,I,I09,A,M3_A,E05,5,5
M3,9,11,YJM270,YJS4900,SACE_YAF,I,I11,A,M3_A,E06,5,6
M3,9,13,YJM1129,YJS4902,SACE_YDO,I,I13,A,M3_A,E07,5,7
M3,9,15,YJM189,YJS4903,SACE_YAA,I,I15,A,M3_A,E08,5,8
M3,9,17,YJM193,YJS4904,SACE_YAB,I,I17,A,M3_A,E09,5,9
M3,9,19,YJM195,YJS4905,SACE_YAC,I,I19,A,M3_A,E10,5,10
M3,9,21,YJM244,YJS4906,SACE_YAD,I,I21,A,M3_A,E11,5,11
M3,9,23,YJM248,YJS4907,SACE_YAE,I,I23,A,M3_A,E12,5,12
M3,11,1,YJM271,YJS4908,SACE_YAG,K,K01,A,M3_A,F01,6,1
M3,11,3,YJM450,YJS4911,SACE_YAK,K,K03,A,M3_A,F02,6,2
M3,11,5,YJM453,YJS4912,SACE_YAM,K,K05,A,M3_A,F03,6,3
M3,11,7,YJM456,YJS4913,SACE_YAN,K,K07,A,M3_A,F04,6,4
M3,11,9,YJM541,YJS4915,SACE_YAP,K,K09,A,M3_A,F05,6,5
M3,11,11,,FY4,FY4,K,K11,A,M3_A,F06,6,6
M3,11,13,YJM554,YJS4916,SACE_YAQ,K,K13,A,M3_A,F07,6,7
M3,11,15,YJM555,YJS4917,SACE_YAR,K,K15,A,M3_A,F08,6,8
M3,11,17,YJM681,YJS4918,SACE_YAT,K,K17,A,M3_A,F09,6,9
M3,11,19,YJM682,YJS4919,SACE_YAU,K,K19,A,M3_A,F10,6,10
M3,11,21,YJM683,YJS4920,SACE_YAV,K,K21,A,M3_A,F11,6,11
M3,11,23,YJM689,YJS4921,SACE_YAW,K,K23,A,M3_A,F12,6,12
M3,13,1,YJM693,YJS4922,SACE_YAX,M,M01,A,M3_A,G01,7,1
M3,13,3,YJM969,YJS4923,SACE_YAY,M,M03,A,M3_A,G02,7,2
M3,13,5,YJM972,YJS4924,SACE_YAZ,M,M05,A,M3_A,G03,7,3
M3,13,7,YJM987,YJS4926,SACE_YBE,M,M07,A,M3_A,G04,7,4
M3,13,9,YJM980,YJS4927,SACE_YBF,M,M09,A,M3_A,G05,7,5
M3,13,11,YJM993,YJS4928,SACE_YBG,M,M11,A,M3_A,G06,7,6
M3,13,13,,FY4,FY4,M,M13,A,M3_A,G07,7,7
M3,13,15,YJM996,YJS4929,SACE_YBH,M,M15,A,M3_A,G08,7,8
M3,13,17,YJM1078,YJS4930,SACE_YDM,M,M17,A,M3_A,G09,7,9
M3,13,19,YJM1083,YJS4931,SACE_YDN,M,M19,A,M3_A,G10,7,10
M3,13,21,YJM1190,YJS4933,SACE_YBJ,M,M21,A,M3_A,G11,7,11
M3,13,23,YJM1199,YJS4934,SACE_YBK,M,M23,A,M3_A,G12,7,12
M3,15,1,YJM1202,YJS4935,SACE_YBL,O,O01,A,M3_A,H01,8,1
M3,15,3,YJM1250,YJS4936,SACE_YBQ,O,O03,A,M3_A,H02,8,2
M3,15,5,YJM1252,YJS4937,SACE_YBR,O,O05,A,M3_A,H03,8,3
M3,15,7,YJM1273,YJS4938,SACE_YBS,O,O07,A,M3_A,H04,8,4
M3,15,9,YJM1304,YJS4939,SACE_YBT,O,O09,A,M3_A,H05,8,5
M3,15,11,YJM1307,YJS4940,SACE_YBU,O,O11,A,M3_A,H06,8,6
M3,15,13,YJM1311,YJS4941,SACE_YBV,O,O13,A,M3_A,H07,8,7
M3,15,15,,FY4,FY4,O,O15,A,M3_A,H08,8,8
M3,15,17,YJM1326,YJS4942,SACE_YBW,O,O17,A,M3_A,H09,8,9
M3,15,19,YJM1332,YJS4943,SACE_YBX,O,O19,A,M3_A,H10,8,10
M3,15,21,YJM1336,YJS4944,SACE_YBY,O,O21,A,M3_A,H11,8,11
M3,15,23,YJM1338,YJS4945,SACE_YBZ,O,O23,A,M3_A,H12,8,12
M3,1,2,,FY4,FY4,A,A02,B,M3_B,A01,1,1
M3,1,4,YJM1341,YJS4946,SACE_YCA,A,A04,B,M3_B,A02,1,2
M3,1,6,YJM1342,YJS4947,SACE_YCB,A,A06,B,M3_B,A03,1,3
M3,1,8,YJM1355,YJS4948,SACE_YCC,A,A08,B,M3_B,A04,1,4
M3,1,10,YJM1356,YJS4949,SACE_YCD,A,A10,B,M3_B,A05,1,5
M3,1,12,YJM1381,YJS4950,SACE_YCE,A,A12,B,M3_B,A06,1,6
M3,1,14,YJM1383,YJS4951,SACE_YCF,A,A14,B,M3_B,A07,1,7
M3,1,16,YJM1385,YJS4952,SACE_YCG,A,A16,B,M3_B,A08,1,8
M3,1,18,YJM1386,YJS4953,SACE_YCH,A,A18,B,M3_B,A09,1,9
M3,1,20,YJM1387,YJS4954,SACE_YCI,A,A20,B,M3_B,A10,1,10
M3,1,22,YJM1389,YJS4955,SACE_YCK,A,A22,B,M3_B,A11,1,11
M3,1,24,YJM1399,YJS4956,SACE_YCL,A,A24,B,M3_B,A12,1,12
M3,3,2,YJM1400,YJS4957,SACE_YCM,C,C02,B,M3_B,B01,2,1
M3,3,4,,FY4,FY4,C,C04,B,M3_B,B02,2,2
M3,3,6,YJM1401,YJS4958,SACE_YCN,C,C06,B,M3_B,B03,2,3
M3,3,8,YJM1402,YJS4959,SACE_YCO,C,C08,B,M3_B,B04,2,4
M3,3,10,YJM1415,YJS4960,SACE_YCP,C,C10,B,M3_B,B05,2,5
M3,3,12,YJM1417,YJS4961,SACE_YCQ,C,C12,B,M3_B,B06,2,6
M3,3,14,YJM1418,YJS4962,SACE_YCR,C,C14,B,M3_B,B07,2,7
M3,3,16,UCD_40-235,YJS4963,CFQ,C,C16,B,M3_B,B08,2,8
M3,3,18,UCD_40-248,YJS4964,CFR,C,C18,B,M3_B,B09,2,9
M3,3,20,UCD_40-346,YJS4966,CFT,C,C20,B,M3_B,B10,2,10
M3,3,22,UCD_40-49,YJS4967,CFV,C,C22,B,M3_B,B11,2,11
M3,3,24,UCD_05-780,YJS4969,CGB,C,C24,B,M3_B,B12,2,12
M3,5,2,UCD_09-448,YJS4971,CGD,E,E02,B,M3_B,C01,3,1
M3,5,4,UCD_11-601,YJS4972,CGE,E,E04,B,M3_B,C02,3,2
M3,5,6,,FY4,FY4,E,E06,B,M3_B,C03,3,3
M3,5,8,TayTa,YJS5201,CGG,E,E08,B,M3_B,C04,3,4
M3,5,10,Me7,YJS5203,CGI,E,E10,B,M3_B,C05,3,5
M3,5,12,Lx2,YJS5204,CGK,E,E12,B,M3_B,C06,3,6
M3,5,14,BMQ557,YJS5205,CGL,E,E14,B,M3_B,C07,3,7
M3,5,16,SGB1,YJS5207,CGN,E,E16,B,M3_B,C08,3,8
M3,5,18,SG4,YJS5208,CGP,E,E18,B,M3_B,C09,3,9
M3,5,20,RR1a,YJS5209,CGQ,E,E20,B,M3_B,C10,3,10
M3,5,22,VL5,YJS5210,CGR,E,E22,B,M3_B,C11,3,11
M3,5,24,Ca6,YJS5211,CGS,E,E24,B,M3_B,C12,3,12
M3,7,2,Lib39,YJS5212,CGT,G,G02,B,M3_B,D01,4,1
M3,7,4,Lib51,YJS5213,CGV,G,G04,B,M3_B,D02,4,2
M3,7,6,Lib52,YJS5214,CHA,G,G06,B,M3_B,D03,4,3
M3,7,8,,FY4,FY4,G,G08,B,M3_B,D04,4,4
M3,7,10,Lib54,YJS5215,CHB,G,G10,B,M3_B,D05,4,5
M3,7,12,Lib61,YJS5216,CHC,G,G12,B,M3_B,D06,4,6
M3,7,14,Lib70,YJS5217,CHD,G,G14,B,M3_B,D07,4,7
M3,7,16,Lib71,YJS5218,CHE,G,G16,B,M3_B,D08,4,8
M3,7,18,Lib73,YJS5219,CHF,G,G18,B,M3_B,D09,4,9
M3,7,20,324-6C,YJS5220,CHG,G,G20,B,M3_B,D10,4,10
M3,7,22,319-5C,YJS5221,CHH,G,G22,B,M3_B,D11,4,11
M3,7,24,646-3B,YJS5222,CHI,G,G24,B,M3_B,D12,4,12
M3,9,2,Win-8B,YJS5223,CHK,I,I02,B,M3_B,E01,5,1
M3,9,4,SBE-1C,YJS5224,CHL,I,I04,B,M3_B,E02,5,2
M3,9,6,SBD,YJS5225,CHM,I,I06,B,M3_B,E03,5,3
M3,9,10,,FY4,FY4,I,I10,B,M3_B,E05,5,5
M3,9,16,DBVPG1984,YJS5500,BLT,I,I16,B,M3_B,E08,5,8
M3,9,18,DBVPG3022,YJS5501,BLV,I,I18,B,M3_B,E09,5,9
M3,9,20,UWOPS03-429.1,YJS5502,BMA,I,I20,B,M3_B,E10,5,10
M3,9,22,UWOPS03-433.3,YJS5503,BMB,I,I22,B,M3_B,E11,5,11
M3,9,24,UWOPS03-459.1,YJS5504,BMC,I,I24,B,M3_B,E12,5,12
M3,11,2,384103A,YJS5505,BMD,K,K02,B,M3_B,F01,6,1
M3,11,4,269521J,YJS5507,BMF,K,K04,B,M3_B,F02,6,2
M3,11,6,YJM984,YJS5509,BMH,K,K06,B,M3_B,F03,6,3
M3,11,8,YJM989,YJS5510,BMI,K,K08,B,M3_B,F04,6,4
M3,11,10,YJM990,YJS5511,BMK,K,K10,B,M3_B,F05,6,5
M3,11,12,,FY4,FY4,K,K12,B,M3_B,F06,6,6
M3,11,14,CEY646,YJS5513,BMR,K,K14,B,M3_B,F07,6,7
M3,11,16,CEY647,YJS5514,CQS,K,K16,B,M3_B,F08,6,8
M3,11,18,CEY649,YJS5516,BMV,K,K18,B,M3_B,F09,6,9
M3,11,20,CEY650,YJS5517,BNA,K,K20,B,M3_B,F10,6,10
M3,11,22,CEY651,YJS5518,BNB,K,K22,B,M3_B,F11,6,11
M3,11,24,CEY652,YJS5519,BNC,K,K24,B,M3_B,F12,6,12
M3,13,2,CEY653,YJS5520,BND,M,M02,B,M3_B,G01,7,1
M3,13,4,DBVPG1057,YJS5521,BNE,M,M04,B,M3_B,G02,7,2
M3,13,6,DBVPG1078,YJS5522,BNF,M,M06,B,M3_B,G03,7,3
M3,13,8,2698,YJS5525,BMN,M,M08,B,M3_B,G04,7,4
M3,13,10,2720,YJS5527,BMQ,M,M10,B,M3_B,G05,7,5
M3,13,12,DBVPG1685,YJS5528,BNH,M,M12,B,M3_B,G06,7,6
M3,13,14,,FY4,FY4,M,M14,B,M3_B,G07,7,7
M3,13,16,DBVPG1699,YJS5529,BNI,M,M16,B,M3_B,G08,7,8
M3,13,18,DBVPG1701,YJS5530,BNK,M,M18,B,M3_B,G09,7,9
M3,13,20,DBVPG1708,YJS5531,BNL,M,M20,B,M3_B,G10,7,10
M3,13,22,DBVPG1711,YJS5532,BNM,M,M22,B,M3_B,G11,7,11
M3,13,24,DBVPG1712,YJS5533,BNN,M,M24,B,M3_B,G12,7,12
M3,15,2,DBVPG1714,YJS5534,BNP,O,O02,B,M3_B,H01,8,1
M3,15,4,DBVPG1719,YJS5535,BNQ,O,O04,B,M3_B,H02,8,2
M3,15,6,DBVPG1725,YJS5536,BNR,O,O06,B,M3_B,H03,8,3
M3,15,8,DBVPG1772,YJS5538,BNT,O,O08,B,M3_B,H04,8,4
M3,15,10,DBVPG1790,YJS5539,BNV,O,O10,B,M3_B,H05,8,5
M3,15,12,DBVPG1792,YJS5540,BPA,O,O12,B,M3_B,H06,8,6
M3,15,14,DBVPG1795,YJS5541,BPB,O,O14,B,M3_B,H07,8,7
M3,15,16,,FY4,FY4,O,O16,B,M3_B,H08,8,8
M3,15,18,DBVPG1798,YJS5542,BPC,O,O18,B,M3_B,H09,8,9
M3,15,20,DBVPG1832,YJS5545,BPF,O,O20,B,M3_B,H10,8,10
M3,15,22,DBVPG1841,YJS5546,BPG,O,O22,B,M3_B,H11,8,11
M3,15,24,DBVPG1843,YJS5547,BPH,O,O24,B,M3_B,H12,8,12
M3,2,1,,FY4,FY4,B,B01,C,M3_C,A01,1,1
M3,2,3,DBVPG1848,YJS5548,BPI,B,B03,C,M3_C,A02,1,2
M3,2,5,DBVPG1861,YJS5549,BPK,B,B05,C,M3_C,A03,1,3
M3,2,7,DBVPG1878,YJS5550,BPL,B,B07,C,M3_C,A04,1,4
M3,2,9,DBVPG1880,YJS5551,BPM,B,B09,C,M3_C,A05,1,5
M3,2,11,DBVPG1895,YJS5552,BPN,B,B11,C,M3_C,A06,1,6
M3,2,13,DBVPG1898,YJS5553,BPP,B,B13,C,M3_C,A07,1,7
M3,2,15,DBVPG1918,YJS5554,BPQ,B,B15,C,M3_C,A08,1,8
M3,2,17,DBVPG1960,YJS5557,BPT,B,B17,C,M3_C,A09,1,9
M3,2,19,DBVPG1976,YJS5558,BPV,B,B19,C,M3_C,A10,1,10
M3,2,21,DBVPG1994,YJS5559,BQA,B,B21,C,M3_C,A11,1,11
M3,2,23,DBVPG2049,YJS5560,BQB,B,B23,C,M3_C,A12,1,12
M3,4,1,DBVPG2088,YJS5561,BQC,D,D01,C,M3_C,B01,2,1
M3,4,3,,FY4,FY4,D,D03,C,M3_C,B02,2,2
M3,4,5,DBVPG2166,YJS5563,BQE,D,D05,C,M3_C,B03,2,3
M3,4,7,DBVPG3098,YJS5565,BQG,D,D07,C,M3_C,B04,2,4
M3,4,9,DBVPG3100,YJS5566,BQH,D,D09,C,M3_C,B05,2,5
M3,4,11,DBVPG3924,YJS5567,BQI,D,D11,C,M3_C,B06,2,6
M3,4,13,DBVPG4162,YJS5570,BQM,D,D13,C,M3_C,B07,2,7
M3,4,15,DBVPG4186,YJS5571,BQN,D,D15,C,M3_C,B08,2,8
M3,4,17,DBVPG4297,YJS5572,BQP,D,D17,C,M3_C,B09,2,9
M3,4,19,DBVPG4317,YJS5573,BQQ,D,D19,C,M3_C,B10,2,10
M3,4,21,DBVPG4381,YJS5574,BQR,D,D21,C,M3_C,B11,2,11
M3,4,23,DBVPG4410,YJS5575,BQS,D,D23,C,M3_C,B12,2,12
M3,6,1,DBVPG4460,YJS5576,BQT,F,F01,C,M3_C,C01,3,1
M3,6,3,DBVPG4651,YJS5578,BRA,F,F03,C,M3_C,C02,3,2
M3,6,5,,FY4,FY4,F,F05,C,M3_C,C03,3,3
M3,6,7,DBVPG4686,YJS5579,BRB,F,F07,C,M3_C,C04,3,4
M3,6,9,DBVPG4695,YJS5580,BRC,F,F09,C,M3_C,C05,3,5
M3,6,11,DBVPG4902,YJS5581,BRD,F,F11,C,M3_C,C06,3,6
M3,6,13,DBVPG4905,YJS5582,BRE,F,F13,C,M3_C,C07,3,7
M3,6,15,DBVPG5760,YJS5583,BRF,F,F15,C,M3_C,C08,3,8
M3,6,17,DBVPG6223,YJS5585,BRH,F,F17,C,M3_C,C09,3,9
M3,6,19,DBVPG6302,YJS5587,BRK,F,F19,C,M3_C,C10,3,10
M3,6,21,DBVPG6874,YJS5596,BRV,F,F21,C,M3_C,C11,3,11
M3,6,23,DBVPG6876,YJS5597,BSA,F,F23,C,M3_C,C12,3,12
M3,8,1,DBVPG6877,YJS5598,BSB,H,H01,C,M3_C,D01,4,1
M3,8,3,DBVPG6878,YJS5599,BSC,H,H03,C,M3_C,D02,4,2
M3,8,5,DBVPG6879,YJS5600,BSD,H,H05,C,M3_C,D03,4,3
M3,8,7,,FY4,FY4,H,H07,C,M3_C,D04,4,4
M3,8,9,DBVPG6880,YJS5601,BSE,H,H09,C,M3_C,D05,4,5
M3,8,11,DBVPG6295,YJS5603,BSG,H,H11,C,M3_C,D06,4,6
M3,8,13,D3742,YJS5606,BSK,H,H13,C,M3_C,D07,4,7
M3,8,15,M57,YJS5607,BSL,H,H15,C,M3_C,D08,4,8
M3,8,17,SGU89,YJS5608,BSM,H,H17,C,M3_C,D09,4,9
M3,8,19,SG60,YJS5609,BSN,H,H19,C,M3_C,D10,4,10
M3,8,21,L-1183,YJS5610,BSP,H,H21,C,M3_C,D11,4,11
M3,8,23,L-846,YJS5611,CRG,H,H23,C,M3_C,D12,4,12
M3,10,1,L-958,YJS5612,BSR,J,J01,C,M3_C,E01,5,1
M3,10,3,L-960,YJS5613,BSS,J,J03,C,M3_C,E02,5,2
M3,10,5,L-962,YJS5614,BST,J,J05,C,M3_C,E03,5,3
M3,10,7,L-982,YJS5615,CQT,J,J07,C,M3_C,E04,5,4
M3,10,9,,FY4,FY4,J,J09,C,M3_C,E05,5,5
M3,10,11,79,YJS5618,BTC,J,J11,C,M3_C,E06,5,6
M3,10,13,YS22(E),YJS5621,BTF,J,J13,C,M3_C,E07,5,7
M3,10,15,ZP_567,YJS5622,BTG,J,J15,C,M3_C,E08,5,8
M3,10,17,ZP_577,YJS5623,BTH,J,J17,C,M3_C,E09,5,9
M3,10,19,ZP_611,YJS5624,BTI,J,J19,C,M3_C,E10,5,10
M3,10,21,L-304,YJS5626,BTL,J,J21,C,M3_C,E11,5,11
M3,10,23,L-319,YJS5627,CRH,J,J23,C,M3_C,E12,5,12
M3,12,1,L-475,YJS5628,BTN,L,L01,C,M3_C,F01,6,1
M3,12,3,L-1198,YJS5629,BTP,L,L03,C,M3_C,F02,6,2
M3,12,5,L-1201,YJS5631,BTR,L,L05,C,M3_C,F03,6,3
M3,12,7,RIB1005,YJS5632,BTS,L,L07,C,M3_C,F04,6,4
M3,12,9,M.9.1,YJS5633,BTT,L,L09,C,M3_C,F05,6,5
M3,12,11,,FY4,FY4,L,L11,C,M3_C,F06,6,6
M3,12,13,M.14.1,YJS5634,BTV,L,L13,C,M3_C,F07,6,7
M3,12,15,RP.10.4,YJS5635,BVA,L,L15,C,M3_C,F08,6,8
M3,12,17,RP.10.13,YJS5636,BVB,L,L17,C,M3_C,F09,6,9
M3,12,19,RP.10.14,YJS5637,BVC,L,L19,C,M3_C,F10,6,10
M3,12,21,SM.9.1.AL1,YJS5638,BVD,L,L21,C,M3_C,F11,6,11
M3,12,23,SM.9.2.BR3(L),YJS5640,BVF,L,L23,C,M3_C,F12,6,12
M3,14,1,SM.9.4.BL2,YJS5641,BVG,N,N01,C,M3_C,G01,7,1
M3,14,3,SM.9.4.BR1,YJS5642,BVH,N,N03,C,M3_C,G02,7,2
M3,14,5,AGME_5I,YJS5643,CRI,N,N05,C,M3_C,G03,7,3
M3,14,7,4LBI-3,YJS5644,BVK,N,N07,C,M3_C,G04,7,4
M3,14,9,E1-6,YJS5645,CRK,N,N09,C,M3_C,G05,7,5
M3,14,11,SA6-31,YJS5646,BVM,N,N11,C,M3_C,G06,7,6
M3,14,13,,FY4,FY4,N,N13,C,M3_C,G07,7,7
M3,14,15,CD7-9Sv2,YJS5647,CQV,N,N15,C,M3_C,G08,7,8
M3,14,17,RB3-7Sc2,YJS5648,CRA,N,N17,C,M3_C,G09,7,9
M3,14,19,SC2-37,YJS5649,CRB,N,N19,C,M3_C,G10,7,10
M3,14,21,Ba-215,YJS5650,CRC,N,N21,C,M3_C,G11,7,11
M3,14,23,FIMA_3,YJS5651,CRD,N,N23,C,M3_C,G12,7,12
M3,16,1,B-24,YJS5652,BVT,P,P01,C,M3_C,H01,8,1
M3,16,3,ao_t-15,YJS5653,BVV,P,P03,C,M3_C,H02,8,2
M3,16,5,mai-18,YJS5654,CAA,P,P05,C,M3_C,H03,8,3
M3,16,7,11-ao_t,YJS5655,CAB,P,P07,C,M3_C,H04,8,4
M3,16,9,A-12,YJS5656,CAC,P,P09,C,M3_C,H05,8,5
M3,16,11,nov-18,YJS5657,CAD,P,P11,C,M3_C,H06,8,6
M3,16,13,B-4,YJS5658,CAE,P,P13,C,M3_C,H07,8,7
M3,16,15,,FY4,FY4,P,P15,C,M3_C,H08,8,8
M3,16,17,C-3,YJS5659,CAF,P,P17,C,M3_C,H09,8,9
M3,16,19,C-6,YJS5660,CRL,P,P19,C,M3_C,H10,8,10
M3,16,21,D-1,YJS5661,CAH,P,P21,C,M3_C,H11,8,11
M3,16,23,D-4,YJS5662,CAI,P,P23,C,M3_C,H12,8,12
M3,2,2,,FY4,FY4,B,B02,D,M3_D,A01,1,1
M3,2,4,A-16,YJS5663,CAK,B,B04,D,M3_D,A02,1,2
M3,2,6,A-19,YJS5664,CAL,B,B06,D,M3_D,A03,1,3
M3,2,8,09-juil,YJS5665,CAM,B,B08,D,M3_D,A04,1,4
M3,2,10,08-mars,YJS5666,CAN,B,B10,D,M3_D,A05,1,5
M3,2,12,11-f_vr,YJS5667,CAP,B,B12,D,M3_D,A06,1,6
M3,2,14,05-f_vr,YJS5668,CAQ,B,B14,D,M3_D,A07,1,7
M3,2,16,A-9,YJS5669,CAR,B,B16,D,M3_D,A08,1,8
M3,2,18,B-17,YJS5670,CAS,B,B18,D,M3_D,A09,1,9
M3,2,20,C-12,YJS5671,CAT,B,B20,D,M3_D,A10,1,10
M3,2,22,B-13,YJS5672,CAV,B,B22,D,M3_D,A11,1,11
M3,2,24,A-14,YJS5673,CBA,B,B24,D,M3_D,A12,1,12
M3,4,2,01-sept,YJS5674,CBB,D,D02,D,M3_D,B01,2,1
M3,4,4,,FY4,FY4,D,D04,D,M3_D,B02,2,2
M3,4,6,D-18,YJS5675,CBC,D,D06,D,M3_D,B03,2,3
M3,4,8,B-11,YJS5676,CBD,D,D08,D,M3_D,B04,2,4
M3,4,10,D-21,YJS5677,CBE,D,D10,D,M3_D,B05,2,5
M3,4,12,DBVPG1978,YJS5679,CBG,D,D12,D,M3_D,B06,2,6
M3,4,14,DBVPG3051,YJS5680,CBH,D,D14,D,M3_D,B07,2,7
M3,4,16,DBVPG4036,YJS5681,CBI,D,D16,D,M3_D,B08,2,8
M3,4,18,2,YJS5683,CBL,D,D18,D,M3_D,B09,2,9
M3,4,20,3,YJS5684,CBM,D,D20,D,M3_D,B10,2,10
M3,4,22,NCYC_88,YJS5685,CBN,D,D22,D,M3_D,B11,2,11
M3,4,24,CLQCA_20-156,YJS5694,CCC,D,D24,D,M3_D,B12,2,12
M3,6,2,CLQCA_20-184,YJS5695,CCD,F,F02,D,M3_D,C01,3,1
M3,6,4,CLQCA_20-221,YJS5696,CCE,F,F04,D,M3_D,C02,3,2
M3,6,6,,FY4,FY4,F,F06,D,M3_D,C03,3,3
M3,6,8,CLQCA_20-246,YJS5697,CCF,F,F08,D,M3_D,C04,3,4
M3,6,10,CLQCA_20-259,YJS5698,CCG,F,F10,D,M3_D,C05,3,5
M3,6,12,CLQCA_20-314,YJS5699,CCH,F,F12,D,M3_D,C06,3,6
M3,6,14,CLQCA_20-248,YJS5700,CCI,F,F14,D,M3_D,C07,3,7
M3,6,16,SC 29 F.,YJS5826,CHR,F,F16,D,M3_D,C08,3,8
M3,6,18,SC 32 F.,YJS5829,CHS,F,F18,D,M3_D,C09,3,9
M3,6,20,SC 33 F.,YJS5830,CHT,F,F20,D,M3_D,C10,3,10
M3,6,22,SRC 120,YJS5832,CHV,F,F22,D,M3_D,C11,3,11
M3,6,24,SRC 147,YJS5833,CIA,F,F24,D,M3_D,C12,3,12
M3,8,2,SRC 213,YJS5834,CIB,H,H02,D,M3_D,D01,4,1
M3,8,4,Ponton 11,YJS5845,CIC,H,H04,D,M3_D,D02,4,2
M3,8,6,Ponton 12,YJS5846,CID,H,H06,D,M3_D,D03,4,3
M3,8,8,,FY4,FY4,H,H08,D,M3_D,D04,4,4
M3,8,10,Ponton 14,YJS5848,CIF,H,H10,D,M3_D,D05,4,5
M3,8,12,PB11,YJS5859,CIG,H,H12,D,M3_D,D06,4,6
M3,8,14,PB12,YJS5860,CIH,H,H14,D,M3_D,D07,4,7
M3,8,16,PB13,YJS5861,CII,H,H16,D,M3_D,D08,4,8
M3,8,18,PB14,YJS5862,CIK,H,H18,D,M3_D,D09,4,9
M3,8,20,PB15,YJS5863,CIL,H,H20,D,M3_D,D10,4,10
M3,8,22,CLI_1,YJS5864,CIM,H,H22,D,M3_D,D11,4,11
M3,8,24,CLI_2,YJS5865,CIN,H,H24,D,M3_D,D12,4,12
M3,10,2,CLI_3,YJS5866,CIP,J,J02,D,M3_D,E01,5,1
M3,10,4,CLI_4,YJS5867,CIQ,J,J04,D,M3_D,E02,5,2
M3,10,6,CLI_5,YJS5868,CIR,J,J06,D,M3_D,E03,5,3
M3,10,8,CLI_6,YJS5869,CIS,J,J08,D,M3_D,E04,5,4
M3,10,10,,FY4,FY4,J,J10,D,M3_D,E05,5,5
M3,10,12,CLI_7,YJS5870,CIT,J,J12,D,M3_D,E06,5,6
M3,10,14,CLI_8,YJS5871,CIV,J,J14,D,M3_D,E07,5,7
M3,10,16,CLI_9,YJS5872,CKA,J,J16,D,M3_D,E08,5,8
M3,10,18,CLI_10,YJS5873,CKB,J,J18,D,M3_D,E09,5,9
M3,10,20,CLI_11,YJS5874,CKC,J,J20,D,M3_D,E10,5,10
M3,10,22,CLI_12,YJS5875,CKD,J,J22,D,M3_D,E11,5,11
M3,10,24,CLI_13,YJS5877,CKE,J,J24,D,M3_D,E12,5,12
M3,12,2,CLI_14,YJS5878,CKF,L,L02,D,M3_D,F01,6,1
M3,12,4,UL G84F88I90,YJS5879,CKG,L,L04,D,M3_D,F02,6,2
M3,12,6,ultra lev. 1127,YJS5880,CKH,L,L06,D,M3_D,F03,6,3
M3,12,8,CLI_15,YJS5881,CKI,L,L08,D,M3_D,F04,6,4
M3,12,10,CLI_17,YJS5883,CKL,L,L10,D,M3_D,F05,6,5
M3,12,12,,FY4,FY4,L,L12,D,M3_D,F06,6,6
M3,12,14,CLI_18,YJS5884,CKM,L,L14,D,M3_D,F07,6,7
M3,12,16,CLI_19,YJS5885,CKN,L,L16,D,M3_D,F08,6,8
M3,12,18,CLI_20,YJS5886,CKP,L,L18,D,M3_D,F09,6,9
M3,12,20,CLI_21,YJS5887,CKQ,L,L20,D,M3_D,F10,6,10
M3,12,22,CLI_22,YJS5888,CKR,L,L22,D,M3_D,F11,6,11
M3,12,24,CLI_24,YJS5890,CKT,L,L24,D,M3_D,F12,6,12
M3,14,2,CLI_25,YJS5891,CKV,N,N02,D,M3_D,G01,7,1
M3,14,4,NCYC_2966,YJS5900,CLG,N,N04,D,M3_D,G02,7,2
M3,14,6,NCYC_2743,YJS5901,CLH,N,N06,D,M3_D,G03,7,3
M3,14,8,K5,YJS5902,CLI,N,N08,D,M3_D,G04,7,4
M3,14,10,K9,YJS5903,CLK,N,N10,D,M3_D,G05,7,5
M3,14,12,K10,YJS5904,CLL,N,N12,D,M3_D,G06,7,6
M3,14,14,,FY4,FY4,N,N14,D,M3_D,G07,7,7
M3,14,16,K13,YJS5905,CLM,N,N16,D,M3_D,G08,7,8
M3,14,18,K14,YJS5906,CLN,N,N18,D,M3_D,G09,7,9
M3,14,20,K15,YJS5907,CLP,N,N20,D,M3_D,G10,7,10
M3,14,22,RIB1008,YJS5909,CLR,N,N22,D,M3_D,G11,7,11
M3,14,24,RIB1010,YJS5910,CLS,N,N24,D,M3_D,G12,7,12
M3,16,2,RIB1011,YJS5911,CLT,P,P02,D,M3_D,H01,8,1
M3,16,4,RIB1012,YJS5912,CLV,P,P04,D,M3_D,H02,8,2
M3,16,6,RIB1014,YJS5914,CMB,P,P06,D,M3_D,H03,8,3
M3,16,8,RIB1015,YJS5915,CMC,P,P08,D,M3_D,H04,8,4
M3,16,10,RIB1016,YJS5916,CMD,P,P10,D,M3_D,H05,8,5
M3,16,12,RIB1017,YJS5917,CME,P,P12,D,M3_D,H06,8,6
M3,16,14,RIB6001,YJS5918,CMF,P,P14,D,M3_D,H07,8,7
M3,16,16,,FY4,FY4,P,P16,D,M3_D,H08,8,8
M3,16,18,RIB6003,YJS5920,CMH,P,P18,D,M3_D,H09,8,9
M3,16,20,RIB6004,YJS5921,CMI,P,P20,D,M3_D,H10,8,10
M3,16,22,RIB6005,YJS5922,CMK,P,P22,D,M3_D,H11,8,11
M3,16,24,RIB6006,YJS5923,CML,P,P24,D,M3_D,H12,8,12
